-- phpMyAdmin SQL Dump
-- version 5.2.1
-- https://www.phpmyadmin.net/
--
-- Host: localhost
-- Generation Time: Apr 25, 2024 at 07:52 PM
-- Server version: 10.6.16-MariaDB-0ubuntu0.22.04.1
-- PHP Version: 8.1.2-1ubuntu2.15

SET SQL_MODE = "NO_AUTO_VALUE_ON_ZERO";
START TRANSACTION;
SET time_zone = "+00:00";


/*!40101 SET @OLD_CHARACTER_SET_CLIENT=@@CHARACTER_SET_CLIENT */;
/*!40101 SET @OLD_CHARACTER_SET_RESULTS=@@CHARACTER_SET_RESULTS */;
/*!40101 SET @OLD_COLLATION_CONNECTION=@@COLLATION_CONNECTION */;
/*!40101 SET NAMES utf8mb4 */;

--
-- Database: `team04`
--

-- --------------------------------------------------------

--
-- Table structure for table `events`
--

CREATE TABLE `events` (
  `id` int(11) NOT NULL,
  `hely` varchar(100) NOT NULL,
  `date` date NOT NULL,
  `sport` varchar(100) NOT NULL
) ENGINE=InnoDB DEFAULT CHARSET=utf8mb4 COLLATE=utf8mb4_hungarian_ci;

--
-- Dumping data for table `events`
--

INSERT INTO `events` (`id`, `hely`, `date`, `sport`) VALUES
(1, 'Budapest, Tábor utca 16-18', '2024-07-03', 'Labdarúgás'),
(2, 'Debrecen, Thomas Mann u. 30', '2024-06-10', 'Kosárlabda'),
(3, 'Szeged, Csaplár Benedek u. 5a', '2024-08-01', 'Atlétika'),
(4, 'Pécsi Városi Tenisz club', '2024-05-31', 'Tenisz'),
(5, 'Győr, Audi Aréna', '2024-07-20', 'Kézilabda'),
(6, 'Miskolc, Egyetem u. 2', '2024-08-11', 'Úszás');

-- --------------------------------------------------------

--
-- Table structure for table `rooms`
--

CREATE TABLE `rooms` (
  `id` int(11) NOT NULL,
  `name` varchar(100) NOT NULL,
  `type` varchar(100) NOT NULL,
  `hely` varchar(100) NOT NULL,
  `sport` varchar(100) NOT NULL,
  `creator` varchar(100) NOT NULL,
  `description` varchar(1000) NOT NULL
) ENGINE=InnoDB DEFAULT CHARSET=utf8mb4 COLLATE=utf8mb4_hungarian_ci;

--
-- Dumping data for table `rooms`
--

INSERT INTO `rooms` (`id`, `name`, `type`, `hely`, `sport`, `creator`, `description`) VALUES
(1, 'IV. ker foci', 'Nyílt', 'Újpest', 'Labdarúgás', 'valami@gmail.com', '\r\nCsütörtökönként 21:00-tól foci! Csatlakozz, és lépj pályára velünk! Itt mindig vár egy izgalmas meccs, és új barátokat is találhatsz. Gyerünk, focizz velünk!'),
(14, 'JogaBonito', 'Nyílt', 'Dabas', 'Labdarúgás', 'valami@gmail.com', 'A JogaBonito egy freestyle foci közösség. Itt megtalálod a legújabb trükköket, gyakorolhatsz, és megmutathatod a tehetségedet másoknak. Lépj be, és kezdj freestyle-ozni!\r\n\r\n\r\n\r\n\r\n\r\n\r\n'),
(15, 'TikiTaka', 'Privát', 'Budapest IX. kerület', 'Labdarúgás', 'patrik@gmail.com', 'Keddenként 19:30-tól foci! Találkozz új emberekkel, és játssz egy jó meccset. Ne hagyd ki, várunk!'),
(16, 'Aquila Kézilabda', 'Nyílt', 'Budapest VIII. kerület', 'Kézilabda', 'fannika@gmail.com', 'Női kézilabda edzések, vegyes korosztályban! Csatlakozz hozzánk, és fejlődj egy vidám és támogató közösségben. Gyere, eddz velünk!'),
(17, ' Thunder Strikers', 'Privát', 'Gomba', 'Krikett', 'nimrod@gmail.com', '\r\nÜdvözlünk a Thunder Strikers Krikett Csapatban! Készülj fel a villámgyors akcióra és izgalmas meccsekre. Csatlakozz, és játsszunk együtt a győzelemért!'),
(18, 'Basketball MNR', 'Nyílt', 'Monor', 'Kosárlabda', 'andraskov@gmail.com', 'Basketball MNR\r\nEdzések, mérkőzések és baráti közösség vár rád. Csatlakozz, és éld át a kosárlabda izgalmait velünk Monoron!'),
(19, ' Ace Masters', 'Privát', 'Budapest IV. kerület', 'Tenisz', 'gera@gmail.com', '\r\nHa nincs partnered teniszezni, csatlakozz az Ace Masters Tenisz Klubhoz! Itt biztosan találsz valakit, akivel játszhatsz. Gyerünk, ragadj ütőt, és játssz velünk!'),
(20, 'Spinning Wheels', 'Nyílt', 'Szeged', 'Kerékpározás', 'lilla@gmail.com', '\r\nA Spinning Wheels Kerékpáros Csapatban mindig találsz társakat a tekeréshez! Csatlakozz hozzánk, és tekerj együtt más kerékpárosokkal. Várunk a következő túrán!'),
(21, 'Shuttle Smashers', 'Nyílt', 'Debrecen', 'Tollaslabda', 'tomika@gmail.com', '\r\nA Shuttle Smashers Tollaslabda Klubban mindig várnak rád játékos társak! Gyere el, és üssünk együtt! Csatlakozz a csapathoz, és élvezd a gyors és dinamikus meccseket velünk!'),
(22, ' Spike Masters', 'Nyílt', 'Zalaegerszeg', 'Röplabda', 'eszti@gmail.com', '\r\nA Spike Masters Röplabda Csapatban mindig van hely a tehetségnek! A meccseket tó melletti homokon játsszuk, így a hangulat garantált. Kezdjük a következő meccset együtt!'),
(23, 'Sió FC', 'Privát', 'Siófok', 'Labdarúgás', 'adika@gmail.com', '');

-- --------------------------------------------------------

--
-- Table structure for table `room_messages`
--

CREATE TABLE `room_messages` (
  `message_id` int(11) NOT NULL,
  `sender_id` int(11) DEFAULT NULL,
  `room_id` int(11) DEFAULT NULL,
  `content` text DEFAULT NULL,
  `timestamp` timestamp NOT NULL DEFAULT current_timestamp()
) ENGINE=InnoDB DEFAULT CHARSET=utf8mb4 COLLATE=utf8mb4_hungarian_ci;

--
-- Dumping data for table `room_messages`
--

INSERT INTO `room_messages` (`message_id`, `sender_id`, `room_id`, `content`, `timestamp`) VALUES
(1, 2, 2, 'teszt', '2024-03-11 12:23:01'),
(95, 1, 14, 'Minden hétvégén szombaton az OBO mellett 11:30-tól!', '2024-04-25 16:56:22'),
(96, 1, 1, 'Helyszín Tábor utca 16', '2024-04-25 16:57:52'),
(97, 6, 15, 'Öltöző lesz kezdés előtt?', '2024-04-25 17:03:06'),
(98, 2, 15, 'Persze. Lesz kulcs is hozzá úgyhogy táskákat majd bent lehet hagyni!', '2024-04-25 17:04:04'),
(99, 6, 15, 'király, köszi', '2024-04-25 17:04:31'),
(100, 8, 1, 'A füves vagy a műfüves pályán leszünk a héten?', '2024-04-25 17:12:55'),
(101, 1, 1, 'Műfű, 4+1', '2024-04-25 17:13:26'),
(103, 12, 14, 'Ott leszek!', '2024-04-25 17:27:26');

-- --------------------------------------------------------

--
-- Table structure for table `room_requests`
--

CREATE TABLE `room_requests` (
  `request_id` int(11) NOT NULL,
  `room_id` int(11) DEFAULT NULL,
  `room_name` varchar(100) NOT NULL,
  `room_location` varchar(100) NOT NULL,
  `creator_email` varchar(255) DEFAULT NULL,
  `user_email` varchar(255) DEFAULT NULL,
  `user_firstname` varchar(100) NOT NULL,
  `user_lastname` varchar(100) NOT NULL,
  `status` enum('pending','accepted','rejected') DEFAULT 'pending',
  `created_at` timestamp NOT NULL DEFAULT current_timestamp()
) ENGINE=InnoDB DEFAULT CHARSET=utf8mb4 COLLATE=utf8mb4_hungarian_ci;

--
-- Dumping data for table `room_requests`
--

INSERT INTO `room_requests` (`request_id`, `room_id`, `room_name`, `room_location`, `creator_email`, `user_email`, `user_firstname`, `user_lastname`, `status`, `created_at`) VALUES
(1, 8, 'Tenisz', 'Monor', 'sasdipatyo@gmail.com', 'asd@gmail.com', 'Acosta', 'Tóth', 'accepted', '2024-03-12 11:55:40'),
(2, 7, 'Tollas', 'Szeged', 'sasdipatyo@gmail.com', 'valami@gmail.com', 'Acosta', 'Toth', 'accepted', '2024-04-18 11:46:25'),
(3, 7, 'Tollas', 'Szeged', 'sasdipatyo@gmail.com', 'elitsniper1+8@gmail.com', 'Asd', 'Szab', 'rejected', '2024-04-22 10:16:02'),
(4, 8, 'Tenisz', 'Monor', 'sasdipatyo@gmail.com', 'elitsniper1+8@gmail.com', 'Asd', 'Szab', 'rejected', '2024-04-22 10:16:09'),
(5, 11, 'teszt', 'Gomba', 'valami@gmail.com', 'jkl@gmail.com', 'Nimród ', 'Tóth', 'accepted', '2024-04-22 15:25:49'),
(6, 11, 'teszt', 'Gomba', 'valami@gmail.com', 'admin@gmail.com', 'Admin', 'Admin', 'accepted', '2024-04-22 15:37:21'),
(7, 11, 'teszt', 'Gomba', 'valami@gmail.com', 'admin@gmail.com', 'Admin', 'Admin', 'rejected', '2024-04-22 15:45:34'),
(8, 11, 'teszt', 'Gomba', 'valami@gmail.com', 'admin@gmail.com', 'Admin', 'Admin', 'accepted', '2024-04-22 15:45:40'),
(9, 11, 'teszt', 'Gomba', 'valami@gmail.com', 'admin@gmail.com', 'Admin', 'Admin', 'accepted', '2024-04-22 15:45:45'),
(10, 7, 'Tollas', 'Szeged', 'sasdipatyo@gmail.com', 'valami@gmail.com', 'Acosta', 'Toth', 'accepted', '2024-04-22 19:03:42'),
(11, 11, 'GTenisz', 'Gomba', 'valami@gmail.com', 'toth.nimrod00@gmail.com', 'Nimród', 'Tóth', 'accepted', '2024-04-24 20:13:36'),
(12, 13, 'Karma', 'Gomba', 'toth.nimrod00@gmail.com', 'valami@gmail.com', 'Acosta', 'Toth', 'accepted', '2024-04-24 21:34:55'),
(13, 13, 'Karma', 'Gomba', 'toth.nimrod00@gmail.com', 'valami@gmail.com', 'Acosta', 'Toth', 'rejected', '2024-04-24 21:36:20'),
(14, 13, 'Karma', 'Gomba', 'toth.nimrod00@gmail.com', 'valami@gmail.com', 'Acosta', 'Toth', 'rejected', '2024-04-24 21:36:32'),
(15, 13, 'Karma', 'Gomba', 'toth.nimrod00@gmail.com', 'valami@gmail.com', 'Acosta', 'Toth', 'rejected', '2024-04-24 21:36:48'),
(16, 13, 'Karma', 'Gomba', 'toth.nimrod00@gmail.com', 'valami@gmail.com', 'Acosta', 'Toth', 'rejected', '2024-04-24 21:37:07'),
(17, 13, 'Karma', 'Gomba', 'toth.nimrod00@gmail.com', 'valami@gmail.com', 'Acosta', 'Toth', 'rejected', '2024-04-24 21:37:32'),
(18, 13, 'Karma', 'Gomba', 'toth.nimrod00@gmail.com', 'valami@gmail.com', 'Acosta', 'Toth', 'accepted', '2024-04-24 22:06:28'),
(19, 13, 'Karma', 'Gomba', 'toth.nimrod00@gmail.com', 'valami@gmail.com', 'Acosta', 'Toth', 'rejected', '2024-04-24 22:07:46'),
(20, 13, 'Karma', 'Gomba', 'toth.nimrod00@gmail.com', 'valami@gmail.com', 'Acosta', 'Toth', 'accepted', '2024-04-24 22:08:04'),
(21, 13, 'Karma', 'Gomba', 'toth.nimrod00@gmail.com', 'valami@gmail.com', 'Acosta', 'Toth', 'accepted', '2024-04-24 22:54:11'),
(22, 13, 'Karma', 'Gomba', 'toth.nimrod00@gmail.com', 'valami@gmail.com', 'Acosta', 'Toth', 'rejected', '2024-04-24 22:54:29'),
(23, 13, 'Karma', 'Gomba', 'toth.nimrod00@gmail.com', 'valami@gmail.com', 'Acosta', 'Toth', 'rejected', '2024-04-24 22:54:32'),
(24, 13, 'Karma', 'Gomba', 'toth.nimrod00@gmail.com', 'valami@gmail.com', 'Acosta', 'Toth', 'accepted', '2024-04-24 22:56:01'),
(25, 13, 'Karma', 'Gomba', 'toth.nimrod00@gmail.com', 'valami@gmail.com', 'Acosta', 'Toth', 'accepted', '2024-04-24 22:57:07'),
(26, 13, 'Karma', 'Gomba', 'toth.nimrod00@gmail.com', 'valami@gmail.com', 'Acosta', 'Toth', 'accepted', '2024-04-24 23:03:36'),
(27, 13, 'Karma', 'Gomba', 'toth.nimrod00@gmail.com', 'valami@gmail.com', 'Acosta', 'Toth', 'accepted', '2024-04-24 23:04:15'),
(28, 13, 'Karma', 'Gomba', 'toth.nimrod00@gmail.com', 'valami@gmail.com', 'Acosta', 'Toth', 'accepted', '2024-04-24 23:05:03'),
(29, 13, 'Karma', 'Gomba', 'toth.nimrod00@gmail.com', 'valami@gmail.com', 'Acosta', 'Toth', 'rejected', '2024-04-24 23:05:06'),
(30, 13, 'Karma', 'Gomba', 'toth.nimrod00@gmail.com', 'valami@gmail.com', 'Acosta', 'Toth', 'accepted', '2024-04-24 23:05:15'),
(31, 13, 'Karma', 'Gomba', 'toth.nimrod00@gmail.com', 'valami@gmail.com', 'Acosta', 'Toth', 'accepted', '2024-04-24 23:05:19'),
(32, 13, 'Karma', 'Gomba', 'toth.nimrod00@gmail.com', 'valami@gmail.com', 'Acosta', 'Toth', 'accepted', '2024-04-24 23:05:29'),
(33, 13, 'Karma', 'Gomba', 'toth.nimrod00@gmail.com', 'valami@gmail.com', 'Acosta', 'Toth', 'accepted', '2024-04-24 23:05:43'),
(34, 7, 'Tollas', 'Szeged', 'sasdipatyo@gmail.com', 'valami@gmail.com', 'Acosta', 'Toth', 'accepted', '2024-04-25 09:52:17'),
(35, 7, 'Tollas', 'Szeged', 'sasdipatyo@gmail.com', 'valami@gmail.com', 'Acosta', 'Toth', 'rejected', '2024-04-25 09:54:07'),
(36, 7, 'Tollas', 'Szeged', 'sasdipatyo@gmail.com', 'valami@gmail.com', 'Acosta', 'Toth', 'rejected', '2024-04-25 09:54:12'),
(37, 15, 'TikiTaka', 'Budapest IX. kerület', 'patrik@gmail.com', 'miki00@gmail.com', 'Miklós', 'Kiss', 'accepted', '2024-04-25 17:02:07');

-- --------------------------------------------------------

--
-- Table structure for table `telepulesek`
--

CREATE TABLE `telepulesek` (
  `telepules_id` int(11) NOT NULL,
  `telepules_name` varchar(64) DEFAULT NULL
) ENGINE=InnoDB DEFAULT CHARSET=utf8mb3 COLLATE=utf8mb3_hungarian_ci;

--
-- Dumping data for table `telepulesek`
--

INSERT INTO `telepulesek` (`telepules_id`, `telepules_name`) VALUES
(1, 'Budapest I. kerület'),
(2, 'Budapest I. kerület'),
(3, 'Budapest I. kerület'),
(4, 'Budapest I. kerület'),
(5, 'Budapest I. kerület'),
(6, 'Budapest I. kerület'),
(7, 'Budapest II. kerület'),
(8, 'Budapest II. kerület'),
(9, 'Budapest II. kerület'),
(10, 'Budapest II. kerület'),
(11, 'Budapest II. kerület'),
(12, 'Budapest II. kerület'),
(13, 'Budapest II. kerület'),
(14, 'Budapest II. kerület'),
(15, 'Budapest II. kerület'),
(16, 'Budapest III. kerület'),
(17, 'Budapest III. kerület'),
(18, 'Budapest III. kerület'),
(19, 'Budapest III. kerület'),
(20, 'Budapest III. kerület'),
(21, 'Budapest III. kerület'),
(22, 'Budapest III. kerület'),
(23, 'Budapest III. kerület'),
(24, 'Budapest III. kerület'),
(25, 'Budapest IV. kerület'),
(26, 'Budapest IV. kerület'),
(27, 'Budapest IV. kerület'),
(28, 'Budapest IV. kerület'),
(29, 'Budapest IV. kerület'),
(30, 'Budapest IV. kerület'),
(31, 'Budapest IV. kerület'),
(32, 'Budapest IV. kerület'),
(33, 'Budapest V. kerület'),
(34, 'Budapest V. kerület'),
(35, 'Budapest V. kerület'),
(36, 'Budapest V. kerület'),
(37, 'Budapest V. kerület'),
(38, 'Budapest V. kerület'),
(39, 'Budapest VI. kerület'),
(40, 'Budapest VI. kerület'),
(41, 'Budapest VI. kerület'),
(42, 'Budapest VI. kerület'),
(43, 'Budapest VI. kerület'),
(44, 'Budapest VI. kerület'),
(45, 'Budapest VI. kerület'),
(46, 'Budapest VI. kerület'),
(47, 'Budapest VII. kerület'),
(48, 'Budapest VII. kerület'),
(49, 'Budapest VII. kerület'),
(50, 'Budapest VII. kerület'),
(51, 'Budapest VII. kerület'),
(52, 'Budapest VII. kerület'),
(53, 'Budapest VII. kerület'),
(54, 'Budapest VII. kerület'),
(55, 'Budapest VIII. kerület'),
(56, 'Budapest VIII. kerület'),
(57, 'Budapest VIII. kerület'),
(58, 'Budapest VIII. kerület'),
(59, 'Budapest VIII. kerület'),
(60, 'Budapest VIII. kerület'),
(61, 'Budapest VIII. kerület'),
(62, 'Budapest VIII. kerület'),
(63, 'Budapest VIII. kerület'),
(64, 'Budapest IX. kerület'),
(65, 'Budapest IX. kerület'),
(66, 'Budapest IX. kerület'),
(67, 'Budapest IX. kerület'),
(68, 'Budapest IX. kerület'),
(69, 'Budapest IX. kerület'),
(70, 'Budapest IX. kerület'),
(71, 'Budapest IX. kerület'),
(72, 'Budapest X. kerület'),
(73, 'Budapest X. kerület'),
(74, 'Budapest X. kerület'),
(75, 'Budapest X. kerület'),
(76, 'Budapest X. kerület'),
(77, 'Budapest X. kerület'),
(78, 'Budapest X. kerület'),
(79, 'Budapest X. kerület'),
(80, 'Budapest XI. kerület'),
(81, 'Budapest XI. kerület'),
(82, 'Budapest XI. kerület'),
(83, 'Budapest XI. kerület'),
(84, 'Budapest XI. kerület'),
(85, 'Budapest XI. kerület'),
(86, 'Budapest XI. kerület'),
(87, 'Budapest XI. kerület'),
(88, 'Budapest XI. kerület'),
(89, 'Budapest XII. kerület'),
(90, 'Budapest XII. kerület'),
(91, 'Budapest XII. kerület'),
(92, 'Budapest XII. kerület'),
(93, 'Budapest XII. kerület'),
(94, 'Budapest XII. kerület'),
(95, 'Budapest XIII. kerület'),
(96, 'Budapest XIII. kerület'),
(97, 'Budapest XIII. kerület'),
(98, 'Budapest XIII. kerület'),
(99, 'Budapest XIII. kerület'),
(100, 'Budapest XIII. kerület'),
(101, 'Budapest XIII. kerület'),
(102, 'Budapest XIII. kerület'),
(103, 'Budapest XIII. kerület'),
(104, 'Budapest XIV. kerület'),
(105, 'Budapest XIV. kerület'),
(106, 'Budapest XIV. kerület'),
(107, 'Budapest XIV. kerület'),
(108, 'Budapest XIV. kerület'),
(109, 'Budapest XIV. kerület'),
(110, 'Budapest XIV. kerület'),
(111, 'Budapest XIV. kerület'),
(112, 'Budapest XIV. kerület'),
(113, 'Budapest XV. kerület'),
(114, 'Budapest XV. kerület'),
(115, 'Budapest XV. kerület'),
(116, 'Budapest XV. kerület'),
(117, 'Budapest XV. kerület'),
(118, 'Budapest XV. kerület'),
(119, 'Budapest XV. kerület'),
(120, 'Budapest XV. kerület'),
(121, 'Budapest XVI. kerület'),
(122, 'Budapest XVI. kerület'),
(123, 'Budapest XVI. kerület'),
(124, 'Budapest XVI. kerület'),
(125, 'Budapest XVI. kerület'),
(126, 'Budapest XVII. kerület'),
(127, 'Budapest XVII. kerület'),
(128, 'Budapest XVII. kerület'),
(129, 'Budapest XVII. kerület'),
(130, 'Budapest XVIII. kerület'),
(131, 'Budapest XVIII. kerület'),
(132, 'Budapest XVIII. kerület'),
(133, 'Budapest XVIII. kerület'),
(134, 'Budapest XVIII. kerület'),
(135, 'Budapest XVIII. kerület'),
(136, 'Budapest XVIII. kerület'),
(137, 'Budapest XIX. kerület'),
(138, 'Budapest XIX. kerület'),
(139, 'Budapest XIX. kerület'),
(140, 'Budapest XIX. kerület'),
(141, 'Budapest XIX. kerület'),
(142, 'Budapest XIX. kerület'),
(143, 'Budapest XX. kerület'),
(144, 'Budapest XX. kerület'),
(145, 'Budapest XX. kerület'),
(146, 'Budapest XX. kerület'),
(147, 'Budapest XX. kerület'),
(148, 'Budapest XXI. kerület'),
(149, 'Budapest XXI. kerület'),
(150, 'Budapest XXI. kerület'),
(151, 'Budapest XXI. kerület'),
(152, 'Budapest XXI. kerület'),
(153, 'Budapest XXII. kerület'),
(154, 'Budapest XXII. kerület'),
(155, 'Budapest XXII. kerület'),
(156, 'Budapest XXII. kerület'),
(157, 'Budapest XXII. kerület'),
(158, 'Budapest XXIII. kerület'),
(159, 'Budapest XXIII. kerület'),
(160, 'Budapest XXIII. kerület'),
(161, 'Budapest XII. kerület'),
(162, 'Szentendre'),
(163, 'Szentendre'),
(164, 'Szentendre'),
(165, 'Szentendre'),
(166, 'Pilisszentlászló'),
(167, 'Budakalász'),
(168, 'Budakalász'),
(169, 'Budakalász'),
(170, 'Csobánka'),
(171, 'Szigetmonostor'),
(172, 'Leányfalu'),
(173, 'Pócsmegyer'),
(174, 'Pomáz'),
(175, 'Tahitótfalu'),
(176, 'Tahitótfalu'),
(177, 'Dunabogdány'),
(178, 'Kisoroszi'),
(179, 'Visegrád'),
(180, 'Visegrád'),
(181, 'Dömös'),
(182, 'Pilismarót'),
(183, 'Érd'),
(184, 'Érd'),
(185, 'Érd'),
(186, 'Érd'),
(187, 'Érd'),
(188, 'Érd'),
(189, 'Sóskút'),
(190, 'Pusztazámor'),
(191, 'Budaörs'),
(192, 'Budaörs'),
(193, 'Budaörs'),
(194, 'Budaörs'),
(195, 'Budaörs'),
(196, 'Törökbálint'),
(197, 'Törökbálint'),
(198, 'Törökbálint'),
(199, 'Diósd'),
(200, 'Diósd'),
(201, 'Biatorbágy'),
(202, 'Biatorbágy'),
(203, 'Herceghalom'),
(204, 'Herceghalom'),
(205, 'Herceghalom'),
(206, 'Bicske'),
(207, 'Bicske'),
(208, 'Bicske'),
(209, 'Csabdi'),
(210, 'Mány'),
(211, 'Újbarok'),
(212, 'Szár'),
(213, 'Szárliget'),
(214, 'Páty'),
(215, 'Zsámbék'),
(216, 'Tök'),
(217, 'Perbál'),
(218, 'Pilisjászfalu'),
(219, 'Piliscsaba'),
(220, 'Piliscsaba'),
(221, 'Solymár'),
(222, 'Pilisszentiván'),
(223, 'Pilisvörösvár'),
(224, 'Tinnye'),
(225, 'Tinnye'),
(226, 'Telki'),
(227, 'Remeteszőlős'),
(228, 'Etyek'),
(229, 'Budakeszi'),
(230, 'Budajenő'),
(231, 'Nagykovácsi'),
(232, 'Pilisszántó'),
(233, 'Üröm'),
(234, 'Pilisborosjenő'),
(235, 'Pilisszentkereszt'),
(236, 'Dobogókő'),
(237, 'Gödöllő'),
(238, 'Gödöllő'),
(239, 'Gödöllő'),
(240, 'Gödöllő'),
(241, 'Gödöllő'),
(242, 'Szada'),
(243, 'Veresegyház'),
(244, 'Erdőkertes'),
(245, 'Valkó'),
(246, 'Vácszentlászló'),
(247, 'Zsámbok'),
(248, 'Isaszeg'),
(249, 'Dány'),
(250, 'Pécel'),
(251, 'Dunakeszi'),
(252, 'Dunakeszi'),
(253, 'Dunakeszi'),
(254, 'Dunakeszi'),
(255, 'Göd'),
(256, 'Göd'),
(257, 'Sződliget'),
(258, 'Sződ'),
(259, 'Csörög'),
(260, 'Csömör'),
(261, 'Nagytarcsa'),
(262, 'Kistarcsa'),
(263, 'Kerepes'),
(264, 'Kerepes'),
(265, 'Mogyoród'),
(266, 'Fót'),
(267, 'Fót'),
(268, 'Fót'),
(269, 'Csomád'),
(270, 'Őrbottyán'),
(271, 'Vácrátót'),
(272, 'Váchartyán'),
(273, 'Kisnémedi'),
(274, 'Püspökszilágy'),
(275, 'Vácduka'),
(276, 'Aszód'),
(277, 'Kartal'),
(278, 'Verseg'),
(279, 'Kálló'),
(280, 'Erdőkürt'),
(281, 'Erdőtarcsa'),
(282, 'Iklad'),
(283, 'Domony'),
(284, 'Galgamácsa'),
(285, 'Vácegres'),
(286, 'Váckisújfalu'),
(287, 'Bag'),
(288, 'Hévízgyörk'),
(289, 'Galgahévíz'),
(290, 'Tura'),
(291, 'Monor'),
(292, 'Monor'),
(293, 'Monor'),
(294, 'Péteri'),
(295, 'Vasad'),
(296, 'Csévharaszt'),
(297, 'Csévharaszt'),
(298, 'Pánd'),
(299, 'Káva'),
(300, 'Bénye'),
(301, 'Gomba'),
(302, 'Vecsés'),
(303, 'Vecsés'),
(304, 'Vecsés'),
(305, 'Üllő'),
(306, 'Gyömrő'),
(307, 'Ecser'),
(308, 'Maglód'),
(309, 'Mende'),
(310, 'Sülysáp'),
(311, 'Sülysáp'),
(312, 'Kóka'),
(313, 'Úri'),
(314, 'Tápiószecső'),
(315, 'Tóalmás'),
(316, 'Tápióság'),
(317, 'Szentmártonkáta'),
(318, 'Szentlőrinckáta'),
(319, 'Ráckeve'),
(320, 'Ráckeve'),
(321, 'Lórév'),
(322, 'Szigetszentmiklós'),
(323, 'Szigetszentmiklós'),
(324, 'Szigetszentmiklós'),
(325, 'Halásztelek'),
(326, 'Szigethalom'),
(327, 'Tököl'),
(328, 'Szigetcsép'),
(329, 'Szigetszentmárton'),
(330, 'Szigetújfalu'),
(331, 'Szigetbecse'),
(332, 'Makád'),
(333, 'Dunaharaszti'),
(334, 'Dunaharaszti'),
(335, 'Dunaharaszti'),
(336, 'Taksony'),
(337, 'Dunavarsány'),
(338, 'Délegyháza'),
(339, 'Áporka'),
(340, 'Majosháza'),
(341, 'Kiskunlacháza'),
(342, 'Kiskunlacháza'),
(343, 'Kiskunlacháza'),
(344, 'Dömsöd'),
(345, 'Apaj'),
(346, 'Bugyi'),
(347, 'Alsónémedi'),
(348, 'Gyál'),
(349, 'Felsőpakony'),
(350, 'Ócsa'),
(351, 'Inárcs'),
(352, 'Kakucs'),
(353, 'Újhartyán'),
(354, 'Dabas'),
(355, 'Dabas'),
(356, 'Dabas'),
(357, 'Dabas'),
(358, 'Dabas'),
(359, 'Tatárszentgyörgy'),
(360, 'Hernád'),
(361, 'Örkény'),
(362, 'Pusztavacs'),
(363, 'Táborfalva'),
(364, 'Dunaújváros'),
(365, 'Dunaújváros'),
(366, 'Dunaújváros'),
(367, 'Dunaújváros'),
(368, 'Dunaújváros'),
(369, 'Dunaújváros'),
(370, 'Dunaújváros'),
(371, 'Dunaújváros'),
(372, 'Dunaújváros'),
(373, 'Nagyvenyim'),
(374, 'Mezőfalva'),
(375, 'Daruszentmiklós'),
(376, 'Előszállás'),
(377, 'Nagykarácsony'),
(378, 'Baracs'),
(379, 'Baracs'),
(380, 'Kisapostag'),
(381, 'Perkáta'),
(382, 'Szabadegyháza'),
(383, 'Sárosd'),
(384, 'Hantos'),
(385, 'Nagylók'),
(386, 'Százhalombatta'),
(387, 'Százhalombatta'),
(388, 'Százhalombatta'),
(389, 'Százhalombatta'),
(390, 'Százhalombatta'),
(391, 'Ercsi'),
(392, 'Ercsi'),
(393, 'Iváncsa'),
(394, 'Beloiannisz'),
(395, 'Besnyő'),
(396, 'Adony'),
(397, 'Kulcs'),
(398, 'Rácalmás'),
(399, 'Tárnok'),
(400, 'Martonvásár'),
(401, 'Tordas'),
(402, 'Gyúró'),
(403, 'Ráckeresztúr'),
(404, 'Baracska'),
(405, 'Kajászó'),
(406, 'Vál'),
(407, 'Kápolnásnyék'),
(408, 'Pázmánd'),
(409, 'Vereb'),
(410, 'Velence'),
(411, 'Velence'),
(412, 'Gárdony'),
(413, 'Gárdony'),
(414, 'Gárdony'),
(415, 'Pusztaszabolcs'),
(416, 'Esztergom'),
(417, 'Esztergom'),
(418, 'Esztergom'),
(419, 'Esztergom'),
(420, 'Esztergom'),
(421, 'Dorog'),
(422, 'Dorog'),
(423, 'Dorog'),
(424, 'Kesztölc'),
(425, 'Leányvár'),
(426, 'Piliscsév'),
(427, 'Csolnok'),
(428, 'Dág'),
(429, 'Sárisáp'),
(430, 'Nagysáp'),
(431, 'Bajna'),
(432, 'Epöl'),
(433, 'Máriahalom'),
(434, 'Úny'),
(435, 'Annavölgy'),
(436, 'Tokod'),
(437, 'Tokodaltáró'),
(438, 'Bajót'),
(439, 'Tát'),
(440, 'Mogyorósbánya'),
(441, 'Nyergesújfalu'),
(442, 'Nyergesújfalu'),
(443, 'Lábatlan'),
(444, 'Lábatlan'),
(445, 'Süttő'),
(446, 'Neszmély'),
(447, 'Dunaalmás'),
(448, 'Vác'),
(449, 'Vác'),
(450, 'Vác'),
(451, 'Vác'),
(452, 'Nőtincs'),
(453, 'Felsőpetény'),
(454, 'Kosd'),
(455, 'Rád'),
(456, 'Penc'),
(457, 'Csővár'),
(458, 'Ősagárd'),
(459, 'Keszeg'),
(460, 'Alsópetény'),
(461, 'Nézsa'),
(462, 'Legénd'),
(463, 'Verőce'),
(464, 'Kismaros'),
(465, 'Szokolya'),
(466, 'Kóspallag'),
(467, 'Nagymaros'),
(468, 'Zebegény'),
(469, 'Szob'),
(470, 'Márianosztra'),
(471, 'Ipolydamásd'),
(472, 'Letkés'),
(473, 'Ipolytölgyes'),
(474, 'Nagybörzsöny'),
(475, 'Vámosmikola'),
(476, 'Tésa'),
(477, 'Perőcsény'),
(478, 'Kemence'),
(479, 'Bernecebaráti'),
(480, 'Szendehely'),
(481, 'Berkenye'),
(482, 'Nógrád'),
(483, 'Diósjenő'),
(484, 'Borsosberény'),
(485, 'Nagyoroszi'),
(486, 'Drégelypalánk'),
(487, 'Hont'),
(488, 'Patak'),
(489, 'Dejtár'),
(490, 'Rétság'),
(491, 'Tereske'),
(492, 'Bánk'),
(493, 'Romhány'),
(494, 'Kétbodony'),
(495, 'Kisecset'),
(496, 'Szente'),
(497, 'Szátok'),
(498, 'Tolmács'),
(499, 'Horpács'),
(500, 'Pusztaberki'),
(501, 'Érsekvadkert'),
(502, 'Balassagyarmat'),
(503, 'Balassagyarmat'),
(504, 'Balassagyarmat'),
(505, 'Patvarc'),
(506, 'Ipolyvece'),
(507, 'Őrhalom'),
(508, 'Hugyag'),
(509, 'Csitár'),
(510, 'Iliny'),
(511, 'Nógrádmarcal'),
(512, 'Cserhátsurány'),
(513, 'Herencsény'),
(514, 'Csesztve'),
(515, 'Galgagyörk'),
(516, 'Püspökhatvan'),
(517, 'Acsa'),
(518, 'Nógrádsáp'),
(519, 'Galgaguta'),
(520, 'Bercel'),
(521, 'Vanyarc'),
(522, 'Nógrádkövesd'),
(523, 'Szécsénke'),
(524, 'Becske'),
(525, 'Magyarnándor'),
(526, 'Debercsény'),
(527, 'Cserháthaláp'),
(528, 'Terény'),
(529, 'Szanda'),
(530, 'Mohora'),
(531, 'Szügy'),
(532, 'Cegléd'),
(533, 'Cegléd'),
(534, 'Cegléd'),
(535, 'Cegléd'),
(536, 'Cegléd'),
(537, 'Tápiószentmárton'),
(538, 'Nyársapát'),
(539, 'Csemő'),
(540, 'Pilis'),
(541, 'Nyáregyháza'),
(542, 'Újlengyel'),
(543, 'Albertirsa'),
(544, 'Dánszentmiklós'),
(545, 'Mikebuda'),
(546, 'Ceglédbercel'),
(547, 'Ceglédbercel'),
(548, 'Abony'),
(549, 'Kőröstetétlen'),
(550, 'Jászkarajenő'),
(551, 'Törtel'),
(552, 'Nagykőrös'),
(553, 'Nagykőrös'),
(554, 'Nagykőrös'),
(555, 'Kocsér'),
(556, 'Nagykáta'),
(557, 'Nagykáta'),
(558, 'Tápióbicske'),
(559, 'Farmos'),
(560, 'Tápiószele'),
(561, 'Tápiógyörgye'),
(562, 'Újszilvás'),
(563, 'Tápiószőlős'),
(564, 'Tatabánya'),
(565, 'Tatabánya'),
(566, 'Tatabánya'),
(567, 'Tatabánya'),
(568, 'Tatabánya'),
(569, 'Tatabánya'),
(570, 'Tatabánya'),
(571, 'Tatabánya'),
(572, 'Tatabánya'),
(573, 'Tatabánya'),
(574, 'Gyermely'),
(575, 'Szomor'),
(576, 'Vértessomló'),
(577, 'Várgesztes'),
(578, 'Tarján'),
(579, 'Héreg'),
(580, 'Vértestolna'),
(581, 'Tardos'),
(582, 'Tardos'),
(583, 'Baj'),
(584, 'Vértesszőlős'),
(585, 'Oroszlány'),
(586, 'Oroszlány'),
(587, 'Oroszlány'),
(588, 'Környe'),
(589, 'Kecskéd'),
(590, 'Kömlőd'),
(591, 'Dad'),
(592, 'Bokod'),
(593, 'Szákszend'),
(594, 'Császár'),
(595, 'Vérteskethely'),
(596, 'Bakonysárkány'),
(597, 'Aka'),
(598, 'Kisbér'),
(599, 'Kisbér'),
(600, 'Ászár'),
(601, 'Kerékteleki'),
(602, 'Bársonyos'),
(603, 'Bakonyszombathely'),
(604, 'Bakonybánk'),
(605, 'Réde'),
(606, 'Ácsteszér'),
(607, 'Csatka'),
(608, 'Súr'),
(609, 'Tata'),
(610, 'Tata'),
(611, 'Tata'),
(612, 'Tata'),
(613, 'Tata'),
(614, 'Szomód'),
(615, 'Dunaszentmiklós'),
(616, 'Kocs'),
(617, 'Naszály'),
(618, 'Komárom'),
(619, 'Komárom'),
(620, 'Komárom'),
(621, 'Komárom'),
(622, 'Komárom'),
(623, 'Mocsa'),
(624, 'Mocsa'),
(625, 'Mocsa'),
(626, 'Almásfüzitő'),
(627, 'Almásfüzitő'),
(628, 'Ács'),
(629, 'Nagyigmánd'),
(630, 'Bábolna'),
(631, 'Bana'),
(632, 'Tárkány'),
(633, 'Csép'),
(634, 'Ete'),
(635, 'Kisigmánd'),
(636, 'Csém'),
(637, 'Hatvan'),
(638, 'Hatvan'),
(639, 'Hatvan'),
(640, 'Hatvan'),
(641, 'Hatvan'),
(642, 'Heréd'),
(643, 'Nagykökényes'),
(644, 'Ecséd'),
(645, 'Hort'),
(646, 'Csány'),
(647, 'Boldog'),
(648, 'Lőrinci'),
(649, 'Lőrinci'),
(650, 'Petőfibánya'),
(651, 'Petőfibánya'),
(652, 'Zagyvaszántó'),
(653, 'Apc'),
(654, 'Rózsaszentmárton'),
(655, 'Szűcsi'),
(656, 'Gyöngyöspata'),
(657, 'Gyöngyöstarján'),
(658, 'Héhalom'),
(659, 'Palotás'),
(660, 'Egyházasdengeleg'),
(661, 'Szirák'),
(662, 'Bér'),
(663, 'Kisbágyon'),
(664, 'Buják'),
(665, 'Szarvasgede'),
(666, 'Csécse'),
(667, 'Kozárd'),
(668, 'Ecseg'),
(669, 'Pásztó'),
(670, 'Pásztó'),
(671, 'Pásztó'),
(672, 'Jobbágyi'),
(673, 'Szurdokpüspöki'),
(674, 'Szurdokpüspöki'),
(675, 'Kutasó'),
(676, 'Bokor'),
(677, 'Cserhátszentiván'),
(678, 'Felsőtold'),
(679, 'Garáb'),
(680, 'Mátraszőlős'),
(681, 'Alsótold'),
(682, 'Bátonyterenye'),
(683, 'Bátonyterenye'),
(684, 'Bátonyterenye'),
(685, 'Tar'),
(686, 'Sámsonháza'),
(687, 'Márkháza'),
(688, 'Kisbárkány'),
(689, 'Nagybárkány'),
(690, 'Mátraverebély'),
(691, 'Mátraverebély'),
(692, 'Mátraverebély'),
(693, 'Salgótarján'),
(694, 'Salgótarján'),
(695, 'Salgótarján'),
(696, 'Salgótarján'),
(697, 'Salgótarján'),
(698, 'Salgótarján'),
(699, 'Salgótarján'),
(700, 'Salgótarján'),
(701, 'Salgótarján'),
(702, 'Cered'),
(703, 'Zabar'),
(704, 'Szilaspogony'),
(705, 'Bárna'),
(706, 'Kazár'),
(707, 'Vizslás'),
(708, 'Lucfalva'),
(709, 'Sóshartyán'),
(710, 'Nógrádmegyer'),
(711, 'Magyargéc'),
(712, 'Piliny'),
(713, 'Szécsényfelfalu'),
(714, 'Etes'),
(715, 'Karancsberény'),
(716, 'Ipolytarnóc'),
(717, 'Ipolytarnóc'),
(718, 'Mátraszele'),
(719, 'Mátranovák'),
(720, 'Mátranovák'),
(721, 'Mátraterenye'),
(722, 'Mátraterenye'),
(723, 'Mátraterenye'),
(724, 'Rákóczibánya'),
(725, 'Nemti'),
(726, 'Dorogháza'),
(727, 'Szuha'),
(728, 'Mátramindszent'),
(729, 'Kishartyán'),
(730, 'Ságújfalu'),
(731, 'Karancsság'),
(732, 'Szalmatercs'),
(733, 'Endrefalva'),
(734, 'Szécsény'),
(735, 'Nagylóc'),
(736, 'Hollókő'),
(737, 'Rimóc'),
(738, 'Varsány'),
(739, 'Nógrádsipek'),
(740, 'Karancsalja'),
(741, 'Karancslapujtő'),
(742, 'Karancskeszi'),
(743, 'Mihálygerge'),
(744, 'Egyházasgerge'),
(745, 'Litke'),
(746, 'Nógrádszakál'),
(747, 'Ludányhalászi'),
(748, 'Gyöngyös'),
(749, 'Gyöngyös'),
(750, 'Gyöngyös'),
(751, 'Gyöngyösoroszi'),
(752, 'Gyöngyöshalász'),
(753, 'Atkár'),
(754, 'Nagyréde'),
(755, 'Nagyréde'),
(756, 'Gyöngyössolymos'),
(757, 'Gyöngyössolymos'),
(758, 'Gyöngyössolymos'),
(759, 'Gyöngyössolymos'),
(760, 'Mátraszentimre'),
(761, 'Parád'),
(762, 'Parádsasvár'),
(763, 'Bodony'),
(764, 'Bodony'),
(765, 'Recsk'),
(766, 'Mátraderecske'),
(767, 'Mátraballa'),
(768, 'Ivád'),
(769, 'Pétervására'),
(770, 'Erdőkövesd'),
(771, 'Istenmezeje'),
(772, 'Váraszó'),
(773, 'Fedémes'),
(774, 'Kisfüzes'),
(775, 'Bükkszenterzsébet'),
(776, 'Tarnalelesz'),
(777, 'Szentdomonkos'),
(778, 'Abasár'),
(779, 'Markaz'),
(780, 'Domoszló'),
(781, 'Kisnána'),
(782, 'Vécs'),
(783, 'Visonta'),
(784, 'Visonta'),
(785, 'Halmajugra'),
(786, 'Ludas'),
(787, 'Detk'),
(788, 'Karácsond'),
(789, 'Nagyfüged'),
(790, 'Tarnazsadány'),
(791, 'Tarnaméra'),
(792, 'Vámosgyörk'),
(793, 'Adács'),
(794, 'Visznek'),
(795, 'Tarnaörs'),
(796, 'Erk'),
(797, 'Zaránk'),
(798, 'Eger'),
(799, 'Eger'),
(800, 'Eger'),
(801, 'Eger'),
(802, 'Eger'),
(803, 'Eger'),
(804, 'Egerbakta'),
(805, 'Hevesaranyos'),
(806, 'Szarvaskő'),
(807, 'Felsőtárkány'),
(808, 'Noszvaj'),
(809, 'Ostoros'),
(810, 'Novaj'),
(811, 'Egerszólát'),
(812, 'Tarnaszentmária'),
(813, 'Sirok'),
(814, 'Terpes'),
(815, 'Szajla'),
(816, 'Bükkszék'),
(817, 'Bátor'),
(818, 'Egerbocs'),
(819, 'Szúcs'),
(820, 'Egercsehi'),
(821, 'Bekölce'),
(822, 'Mikófalva'),
(823, 'Mónosbél'),
(824, 'Bélapátfalva'),
(825, 'Bükkszentmárton'),
(826, 'Balaton'),
(827, 'Szilvásvárad'),
(828, 'Nagyvisnyó'),
(829, 'Kál'),
(830, 'Verpelét'),
(831, 'Feldebrő'),
(832, 'Aldebrő'),
(833, 'Tófalu'),
(834, 'Kápolna'),
(835, 'Kompolt'),
(836, 'Nagyút'),
(837, 'Erdőtelek'),
(838, 'Tenk'),
(839, 'Heves'),
(840, 'Boconád'),
(841, 'Tarnabod'),
(842, 'Átány'),
(843, 'Kömlő'),
(844, 'Besenyőtelek'),
(845, 'Dormánd'),
(846, 'Mezőtárkány'),
(847, 'Szihalom'),
(848, 'Mezőszemere'),
(849, 'Egerfarmos'),
(850, 'Pély'),
(851, 'Tarnaszentmiklós'),
(852, 'Hevesvezekény'),
(853, 'Kisköre'),
(854, 'Tiszanána'),
(855, 'Sarud'),
(856, 'Újlőrincfalva'),
(857, 'Poroszló'),
(858, 'Füzesabony'),
(859, 'Füzesabony'),
(860, 'Füzesabony'),
(861, 'Egerszalók'),
(862, 'Demjén'),
(863, 'Kerecsend'),
(864, 'Maklár'),
(865, 'Nagytálya'),
(866, 'Andornaktálya'),
(867, 'Mezőkövesd'),
(868, 'Mezőkövesd'),
(869, 'Mezőkövesd'),
(870, 'Szomolya'),
(871, 'Bogács'),
(872, 'Cserépfalu'),
(873, 'Bükkzsérc'),
(874, 'Tard'),
(875, 'Cserépváralja'),
(876, 'Szentistván'),
(877, 'Mezőnyárád'),
(878, 'Bükkábrány'),
(879, 'Tibolddaróc'),
(880, 'Kács'),
(881, 'Sály'),
(882, 'Borsodgeszt'),
(883, 'Vatta'),
(884, 'Emőd'),
(885, 'Nyékládháza'),
(886, 'Mályi'),
(887, 'Mályi'),
(888, 'Mezőkeresztes'),
(889, 'Csincse'),
(890, 'Mezőnagymihály'),
(891, 'Gelej'),
(892, 'Mezőcsát'),
(893, 'Tiszakeszi'),
(894, 'Igrici'),
(895, 'Egerlövő'),
(896, 'Borsodivánka'),
(897, 'Négyes'),
(898, 'Tiszavalk'),
(899, 'Tiszabábolna'),
(900, 'Tiszadorogma'),
(901, 'Ároktő'),
(902, 'Miskolc'),
(903, 'Miskolc'),
(904, 'Miskolc'),
(905, 'Miskolc'),
(906, 'Miskolc'),
(907, 'Miskolc'),
(908, 'Miskolc'),
(909, 'Miskolc'),
(910, 'Miskolc'),
(911, 'Miskolc'),
(912, 'Miskolc'),
(913, 'Miskolc'),
(914, 'Miskolc'),
(915, 'Miskolc'),
(916, 'Miskolc'),
(917, 'Miskolc'),
(918, 'Miskolc'),
(919, 'Miskolc'),
(920, 'Miskolc'),
(921, 'Miskolc'),
(922, 'Miskolc'),
(923, 'Miskolc'),
(924, 'Miskolc'),
(925, 'Miskolc'),
(926, 'Miskolc'),
(927, 'Miskolc'),
(928, 'Miskolc'),
(929, 'Miskolc'),
(930, 'Miskolc'),
(931, 'Miskolc'),
(932, 'Miskolc'),
(933, 'Miskolc'),
(934, 'Miskolc'),
(935, 'Miskolc'),
(936, 'Miskolc'),
(937, 'Miskolc'),
(938, 'Miskolc'),
(939, 'Miskolc'),
(940, 'Miskolc'),
(941, 'Miskolc'),
(942, 'Miskolc'),
(943, 'Ónod'),
(944, 'Muhi'),
(945, 'Kistokaj'),
(946, 'Bükkaranyos'),
(947, 'Harsány'),
(948, 'Kisgyőr'),
(949, 'Bükkszentkereszt'),
(950, 'Répáshuta'),
(951, 'Felsőzsolca'),
(952, 'Onga'),
(953, 'Hernádkak'),
(954, 'Hernádnémeti'),
(955, 'Tiszalúc'),
(956, 'Alsózsolca'),
(957, 'Sajólád'),
(958, 'Sajópetri'),
(959, 'Bőcs'),
(960, 'Berzék'),
(961, 'Sajóhídvég'),
(962, 'Köröm'),
(963, 'Girincs'),
(964, 'Kiscsécs'),
(965, 'Kesznyéten'),
(966, 'Tiszaújváros'),
(967, 'Tiszaújváros'),
(968, 'Tiszaújváros'),
(969, 'Tiszaújváros'),
(970, 'Sajóörös'),
(971, 'Tiszapalkonya'),
(972, 'Hejőkürt'),
(973, 'Tiszatarján'),
(974, 'Oszlár'),
(975, 'Nemesbikk'),
(976, 'Hejőbába'),
(977, 'Hejőpapi'),
(978, 'Hejőszalonta'),
(979, 'Szakáld'),
(980, 'Hejőkeresztúr'),
(981, 'Nagycsécs'),
(982, 'Sajószöged'),
(983, 'Ózd'),
(984, 'Ózd'),
(985, 'Ózd'),
(986, 'Ózd'),
(987, 'Ózd'),
(988, 'Ózd'),
(989, 'Ózd'),
(990, 'Uppony'),
(991, 'Borsodszentgyörgy'),
(992, 'Borsodszentgyörgy'),
(993, 'Hangony'),
(994, 'Kissikátor'),
(995, 'Domaháza'),
(996, 'Putnok'),
(997, 'Dubicsány'),
(998, 'Sajógalgóc'),
(999, 'Vadna'),
(1000, 'Nagybarca'),
(1001, 'Bánhorváti'),
(1002, 'Dédestapolcsány'),
(1003, 'Tardona'),
(1004, 'Mályinka'),
(1005, 'Nekézseny'),
(1006, 'Csokvaomány'),
(1007, 'Lénárddaróc'),
(1008, 'Bükkmogyorósd'),
(1009, 'Csernely'),
(1010, 'Lénárddaróc'),
(1011, 'Sajónémeti'),
(1012, 'Sajópüspöki'),
(1013, 'Bánréve'),
(1014, 'Hét'),
(1015, 'Sajómercse'),
(1016, 'Sajóvelezd'),
(1017, 'Királd'),
(1018, 'Borsodbóta'),
(1019, 'Sáta'),
(1020, 'Sáta'),
(1021, 'Sáta'),
(1022, 'Arló'),
(1023, 'Járdánháza'),
(1024, 'Borsodnádasd'),
(1025, 'Borsodnádasd'),
(1026, 'Kazincbarcika'),
(1027, 'Kazincbarcika'),
(1028, 'Kazincbarcika'),
(1029, 'Kazincbarcika'),
(1030, 'Kazincbarcika'),
(1031, 'Kazincbarcika'),
(1032, 'Szirmabesenyő'),
(1033, 'Sajósenye'),
(1034, 'Sajóvámos'),
(1035, 'Arnót'),
(1036, 'Sajópálfala'),
(1037, 'Gesztely'),
(1038, 'Újcsanálos'),
(1039, 'Sóstófalva'),
(1040, 'Alsódobsza'),
(1041, 'Megyaszó'),
(1042, 'Sajókaza'),
(1043, 'Sajóivánka'),
(1044, 'Felsőnyárád'),
(1045, 'Jákfalva'),
(1046, 'Dövény'),
(1047, 'Felsőkelecsény'),
(1048, 'Zubogy'),
(1049, 'Imola'),
(1050, 'Ragály'),
(1051, 'Trizs'),
(1052, 'Alsószuha'),
(1053, 'Szuhafő'),
(1054, 'Zádorfalva'),
(1055, 'Gömörszőlős'),
(1056, 'Kelemér'),
(1057, 'Serényfalva'),
(1058, 'Szuhakálló'),
(1059, 'Kurityán'),
(1060, 'Rudabánya'),
(1061, 'Szuhogy'),
(1062, 'Kánó'),
(1063, 'Felsőtelekes'),
(1064, 'Alsótelekes'),
(1065, 'Izsófalva'),
(1066, 'Rudolftelep'),
(1067, 'Ormosbánya'),
(1068, 'Múcsony'),
(1069, 'Szendrőlád'),
(1070, 'Galvács'),
(1071, 'Szendrő'),
(1072, 'Abod'),
(1073, 'Szalonna'),
(1074, 'Meszes'),
(1075, 'Martonyi'),
(1076, 'Varbóc'),
(1077, 'Perkupa'),
(1078, 'Égerszög'),
(1079, 'Teresztenye'),
(1080, 'Szőlősardó'),
(1081, 'Jósvafő'),
(1082, 'Aggtelek'),
(1083, 'Szin'),
(1084, 'Tornakápolna'),
(1085, 'Szinpetri'),
(1086, 'Szögliget'),
(1087, 'Bódvaszilas'),
(1088, 'Bódvarákó'),
(1089, 'Tornaszentandrás'),
(1090, 'Komjáti'),
(1091, 'Tornabarakony'),
(1092, 'Tornanádaska'),
(1093, 'Hidvégardó'),
(1094, 'Bódvalenke'),
(1095, 'Becskeháza'),
(1096, 'Tornaszentjakab'),
(1097, 'Sajószentpéter'),
(1098, 'Sajókápolna'),
(1099, 'Sajólászlófalva'),
(1100, 'Kondó'),
(1101, 'Radostyán'),
(1102, 'Parasznya'),
(1103, 'Varbó'),
(1104, 'Alacska'),
(1105, 'Ládbesenyő'),
(1106, 'Damak'),
(1107, 'Balajt'),
(1108, 'Edelény'),
(1109, 'Ládbesenyő'),
(1110, 'Irota'),
(1111, 'Szakácsi'),
(1112, 'Hegymeg'),
(1113, 'Lak'),
(1114, 'Tomor'),
(1115, 'Sajókeresztúr'),
(1116, 'Sajóbábony'),
(1117, 'Sajóecseg'),
(1118, 'Boldva'),
(1119, 'Ziliz'),
(1120, 'Hangács'),
(1121, 'Nyomár'),
(1122, 'Borsodszirák'),
(1123, 'Szikszó'),
(1124, 'Abaújszolnok'),
(1125, 'Nyésta'),
(1126, 'Selyeb'),
(1127, 'Alsóvadász'),
(1128, 'Monaj'),
(1129, 'Homrogd'),
(1130, 'Kupa'),
(1131, 'Felsővadász'),
(1132, 'Gadna'),
(1133, 'Abaújlak'),
(1134, 'Gagyvendégi'),
(1135, 'Gagybátor'),
(1136, 'Pamlény'),
(1137, 'Büttös'),
(1138, 'Szászfa'),
(1139, 'Kány'),
(1140, 'Perecse'),
(1141, 'Krasznokvajda'),
(1142, 'Keresztéte'),
(1143, 'Debréte'),
(1144, 'Rakaca'),
(1145, 'Viszló'),
(1146, 'Rakacaszend'),
(1147, 'Kázsmárk'),
(1148, 'Léh'),
(1149, 'Rásonysápberencs'),
(1150, 'Beret'),
(1151, 'Detek'),
(1152, 'Baktakék'),
(1153, 'Felsőgagy'),
(1154, 'Gagyapáti'),
(1155, 'Alsógagy'),
(1156, 'Csenyéte'),
(1157, 'Aszaló'),
(1158, 'Halmaj'),
(1159, 'Kiskinizs'),
(1160, 'Szentistvánbaksa'),
(1161, 'Nagykinizs'),
(1162, 'Hernádkércs'),
(1163, 'Felsődobsza'),
(1164, 'Csobád'),
(1165, 'Forró'),
(1166, 'Ináncs'),
(1167, 'Hernádszentandrás'),
(1168, 'Pere'),
(1169, 'Hernádbűd'),
(1170, 'Hernádbűd'),
(1171, 'Fancsal'),
(1172, 'Encs'),
(1173, 'Encs'),
(1174, 'Szalaszend'),
(1175, 'Fulókércs'),
(1176, 'Fáj'),
(1177, 'Szemere'),
(1178, 'Litka'),
(1179, 'Méra'),
(1180, 'Novajidrány'),
(1181, 'Garadna'),
(1182, 'Pusztaradvány'),
(1183, 'Hernádvécse'),
(1184, 'Hernádpetri'),
(1185, 'Hernádszurdok'),
(1186, 'Hidasnémeti'),
(1187, 'Tornyosnémeti'),
(1188, 'Abaújszántó'),
(1189, 'Sima'),
(1190, 'Baskó'),
(1191, 'Abaújalpár'),
(1192, 'Abaújkér'),
(1193, 'Boldogkőújfalu'),
(1194, 'Boldogkőváralja'),
(1195, 'Arka'),
(1196, 'Korlát'),
(1197, 'Hernádcéce'),
(1198, 'Vizsoly'),
(1199, 'Vilmány'),
(1200, 'Hejce'),
(1201, 'Regéc'),
(1202, 'Fony'),
(1203, 'Mogyoróska'),
(1204, 'Göncruszka'),
(1205, 'Gönc'),
(1206, 'Telkibánya'),
(1207, 'Zsujta'),
(1208, 'Abaújvár'),
(1209, 'Pányok'),
(1210, 'Kéked'),
(1211, 'Szerencs'),
(1212, 'Szerencs'),
(1213, 'Bekecs'),
(1214, 'Legyesbénye'),
(1215, 'Monok'),
(1216, 'Golop'),
(1217, 'Tállya'),
(1218, 'Rátka'),
(1219, 'Mád'),
(1220, 'Tokaj'),
(1221, 'Tokaj'),
(1222, 'Tarcal'),
(1223, 'Bodrogkeresztúr'),
(1224, 'Bodrogkisfalud'),
(1225, 'Szegi'),
(1226, 'Szegilong'),
(1227, 'Taktaszada'),
(1228, 'Taktaharkány'),
(1229, 'Taktaharkány'),
(1230, 'Taktakenéz'),
(1231, 'Prügy'),
(1232, 'Taktabáj'),
(1233, 'Csobaj'),
(1234, 'Tiszatardos'),
(1235, 'Tiszaladány'),
(1236, 'Mezőzombor'),
(1237, 'Erdőbénye'),
(1238, 'Olaszliszka'),
(1239, 'Tolcsva'),
(1240, 'Erdőhorváti'),
(1241, 'Háromhuta'),
(1242, 'Komlóska'),
(1243, 'Vámosújfalu'),
(1244, 'Sárazsadány'),
(1245, 'Bodrogolaszi'),
(1246, 'Bodrogolaszi'),
(1247, 'Bodrogolaszi'),
(1248, 'Sárospatak'),
(1249, 'Györgytarló'),
(1250, 'Kenézlő'),
(1251, 'Viss'),
(1252, 'Zalkod'),
(1253, 'Hercegkút'),
(1254, 'Makkoshotyka'),
(1255, 'Vajdácska'),
(1256, 'Karos'),
(1257, 'Karcsa'),
(1258, 'Pácin'),
(1259, 'Kisrozvágy'),
(1260, 'Nagyrozvágy'),
(1261, 'Lácacséke'),
(1262, 'Tiszakarád'),
(1263, 'Tiszacsermely'),
(1264, 'Cigánd'),
(1265, 'Ricse'),
(1266, 'Semjén'),
(1267, 'Révleányvár'),
(1268, 'Zemplénagárd'),
(1269, 'Dámóc'),
(1270, 'Sátoraljaújhely'),
(1271, 'Sátoraljaújhely'),
(1272, 'Felsőberecki'),
(1273, 'Alsóberecki'),
(1274, 'Bodroghalom'),
(1275, 'Bodroghalom'),
(1276, 'Mikóháza'),
(1277, 'Felsőregmec'),
(1278, 'Alsóregmec'),
(1279, 'Vilyvitány'),
(1280, 'Vágáshuta'),
(1281, 'Kovácsvágás'),
(1282, 'Füzérradvány'),
(1283, 'Kishuta'),
(1284, 'Filkeháza'),
(1285, 'Nagyhuta'),
(1286, 'Füzérkajata'),
(1287, 'Pálháza'),
(1288, 'Bózsva'),
(1289, 'Pusztafalu'),
(1290, 'Füzér'),
(1291, 'Füzérkomlós'),
(1292, 'Nyíri'),
(1293, 'Hollóháza'),
(1294, 'Debrecen'),
(1295, 'Debrecen'),
(1296, 'Debrecen'),
(1297, 'Debrecen'),
(1298, 'Debrecen'),
(1299, 'Debrecen'),
(1300, 'Debrecen'),
(1301, 'Debrecen'),
(1302, 'Debrecen'),
(1303, 'Debrecen'),
(1304, 'Debrecen'),
(1305, 'Debrecen'),
(1306, 'Debrecen'),
(1307, 'Debrecen'),
(1308, 'Debrecen'),
(1309, 'Debrecen'),
(1310, 'Debrecen'),
(1311, 'Debrecen'),
(1312, 'Debrecen'),
(1313, 'Debrecen'),
(1314, 'Debrecen'),
(1315, 'Debrecen'),
(1316, 'Debrecen'),
(1317, 'Debrecen'),
(1318, 'Debrecen'),
(1319, 'Debrecen'),
(1320, 'Debrecen'),
(1321, 'Debrecen'),
(1322, 'Debrecen'),
(1323, 'Debrecen'),
(1324, 'Debrecen'),
(1325, 'Debrecen'),
(1326, 'Debrecen'),
(1327, 'Debrecen'),
(1328, 'Debrecen'),
(1329, 'Debrecen'),
(1330, 'Debrecen'),
(1331, 'Debrecen'),
(1332, 'Balmazújváros'),
(1333, 'Balmazújváros'),
(1334, 'Debrecen'),
(1335, 'Nagyhegyes'),
(1336, 'Újszentmargita'),
(1337, 'Tiszacsege'),
(1338, 'Tiszacsege'),
(1339, 'Egyek'),
(1340, 'Hortobágy'),
(1341, 'Tarnalelesz'),
(1342, 'Görbeháza'),
(1343, 'Görbeháza'),
(1344, 'Görbeháza'),
(1345, 'Hajdúnánás'),
(1346, 'Hajdúnánás'),
(1347, 'Hajdúnánás'),
(1348, 'Hajdúnánás'),
(1349, 'Hajdúdorog'),
(1350, 'Polgár'),
(1351, 'Folyás'),
(1352, 'Újtikos'),
(1353, 'Tiszagyulaháza'),
(1354, 'Berettyóújfalu'),
(1355, 'Berettyóújfalu'),
(1356, 'Berettyóújfalu'),
(1357, 'Biharkeresztes'),
(1358, 'Bojt'),
(1359, 'Ártánd'),
(1360, 'Berekböszörmény'),
(1361, 'Told'),
(1362, 'Mezőpeterd'),
(1363, 'Váncsod'),
(1364, 'Szentpéterszeg'),
(1365, 'Gáborján'),
(1366, 'Hencida'),
(1367, 'Esztár'),
(1368, 'Pocsaj'),
(1369, 'Kismarja'),
(1370, 'Nagykereki'),
(1371, 'Bedő'),
(1372, 'Derecske'),
(1373, 'Derecske'),
(1374, 'Tépe'),
(1375, 'Konyár'),
(1376, 'Mezősas'),
(1377, 'Körösszegapáti'),
(1378, 'Körösszakál'),
(1379, 'Magyarhomorog'),
(1380, 'Komádi'),
(1381, 'Furta'),
(1382, 'Zsáka'),
(1383, 'Vekerd'),
(1384, 'Darvas'),
(1385, 'Csökmő'),
(1386, 'Újiráz'),
(1387, 'Püspökladány'),
(1388, 'Püspökladány'),
(1389, 'Püspökladány'),
(1390, 'Püspökladány'),
(1391, 'Báránd'),
(1392, 'Báránd'),
(1393, 'Szerep'),
(1394, 'Bakonszeg'),
(1395, 'Sárrétudvari'),
(1396, 'Biharnagybajom'),
(1397, 'Nagyrábé'),
(1398, 'Bihartorda'),
(1399, 'Bihardancsháza'),
(1400, 'Sáp'),
(1401, 'Földes'),
(1402, 'Nádudvar'),
(1403, 'Kaba'),
(1404, 'Tetétlen'),
(1405, 'Hajdúszoboszló'),
(1406, 'Hajdúszoboszló'),
(1407, 'Hajdúszoboszló'),
(1408, 'Ebes'),
(1409, 'Hajdúszovát'),
(1410, 'Hajdúböszörmény'),
(1411, 'Hajdúböszörmény'),
(1412, 'Hajdúböszörmény'),
(1413, 'Hajdúböszörmény'),
(1414, 'Debrecen'),
(1415, 'Bököny'),
(1416, 'Geszteréd'),
(1417, 'Balkány'),
(1418, 'Szakoly'),
(1419, 'Biri'),
(1420, 'Bocskaikert'),
(1421, 'Hajdúhadház'),
(1422, 'Téglás'),
(1423, 'Újfehértó'),
(1424, 'Érpatak'),
(1425, 'Érpatak'),
(1426, 'Hajdúsámson'),
(1427, 'Hajdúsámson'),
(1428, 'Hajdúsámson'),
(1429, 'Nyíradony'),
(1430, 'Nyíracsád'),
(1431, 'Nyírmártonfalva'),
(1432, 'Nyírábrány'),
(1433, 'Fülöp'),
(1434, 'Penészlek'),
(1435, 'Mikepércs'),
(1436, 'Sáránd'),
(1437, 'Hajdúbagos'),
(1438, 'Hosszúpályi'),
(1439, 'Monostorpályi'),
(1440, 'Létavértes'),
(1441, 'Létavértes'),
(1442, 'Kokad'),
(1443, 'Álmosd'),
(1444, 'Bagamér'),
(1445, 'Vámospércs'),
(1446, 'Újléta'),
(1447, 'Nyírbátor'),
(1448, 'Nyírbátor'),
(1449, 'Nyírgyulaj'),
(1450, 'Nagykálló'),
(1451, 'Nagykálló'),
(1452, 'Kállósemjén'),
(1453, 'Kisléta'),
(1454, 'Máriapócs'),
(1455, 'Pócspetri'),
(1456, 'Nyírcsászári'),
(1457, 'Nyírderzs'),
(1458, 'Nyírkáta'),
(1459, 'Hodász'),
(1460, 'Kántorjánosi'),
(1461, 'Őr'),
(1462, 'Jármi'),
(1463, 'Papos'),
(1464, 'Nyírvasvári'),
(1465, 'Terem'),
(1466, 'Bátorliget'),
(1467, 'Vállaj'),
(1468, 'Mérk'),
(1469, 'Tiborszállás'),
(1470, 'Fábiánháza'),
(1471, 'Nagyecsed'),
(1472, 'Nyírcsaholy'),
(1473, 'Nyírbogát'),
(1474, 'Nyírgelse'),
(1475, 'Nyírmihálydi'),
(1476, 'Nyírlugos'),
(1477, 'Nyírbéltek'),
(1478, 'Ömböly'),
(1479, 'Encsencs'),
(1480, 'Piricse'),
(1481, 'Nyírpilis'),
(1482, 'Nyíregyháza'),
(1483, 'Nyíregyháza'),
(1484, 'Nyíregyháza'),
(1485, 'Nyíregyháza'),
(1486, 'Nyíregyháza'),
(1487, 'Nyíregyháza'),
(1488, 'Nyíregyháza'),
(1489, 'Nyíregyháza'),
(1490, 'Nyíregyháza'),
(1491, 'Nyíregyháza'),
(1492, 'Nyíregyháza'),
(1493, 'Nyíregyháza'),
(1494, 'Nyíregyháza'),
(1495, 'Nyíregyháza'),
(1496, 'Nyíregyháza'),
(1497, 'Kálmánháza'),
(1498, 'Nyíregyháza'),
(1499, 'Tiszavasvári'),
(1500, 'Szorgalmatos'),
(1501, 'Szorgalmatos'),
(1502, 'Nagycserkesz'),
(1503, 'Nagycserkesz'),
(1504, 'Nagycserkesz'),
(1505, 'Tiszalök'),
(1506, 'Tiszadada'),
(1507, 'Tiszadob'),
(1508, 'Nyírtelek'),
(1509, 'Tiszanagyfalu'),
(1510, 'Tiszaeszlár'),
(1511, 'Rakamaz'),
(1512, 'Timár'),
(1513, 'Szabolcs'),
(1514, 'Balsa'),
(1515, 'Gávavencsellő'),
(1516, 'Gávavencsellő'),
(1517, 'Tiszabercel'),
(1518, 'Paszab'),
(1519, 'Paszab'),
(1520, 'Kótaj'),
(1521, 'Buj'),
(1522, 'Ibrány'),
(1523, 'Nagyhalász'),
(1524, 'Nagyhalász'),
(1525, 'Tiszatelek'),
(1526, 'Beszterec'),
(1527, 'Újdombrád'),
(1528, 'Dombrád'),
(1529, 'Tiszakanyár'),
(1530, 'Kékcse'),
(1531, 'Döge'),
(1532, 'Szabolcsveresmart'),
(1533, 'Kemecse'),
(1534, 'Vasmegyer'),
(1535, 'Tiszarád'),
(1536, 'Nyírbogdány'),
(1537, 'Nyírbogdány'),
(1538, 'Kék'),
(1539, 'Demecser'),
(1540, 'Gégény'),
(1541, 'Berkesz'),
(1542, 'Nyírtass'),
(1543, 'Pátroha'),
(1544, 'Ajak'),
(1545, 'Rétközberencs'),
(1546, 'Nyírpazony'),
(1547, 'Nyírtura'),
(1548, 'Sényő'),
(1549, 'Székely'),
(1550, 'Nyíribrony'),
(1551, 'Ramocsaháza'),
(1552, 'Nyírkércs'),
(1553, 'Nyírjákó'),
(1554, 'Petneháza'),
(1555, 'Laskod'),
(1556, 'Nyírkarász'),
(1557, 'Gyulaháza'),
(1558, 'Anarcs'),
(1559, 'Szabolcsbáka'),
(1560, 'Szabolcsbáka'),
(1561, 'Napkor'),
(1562, 'Apagy'),
(1563, 'Nyírtét'),
(1564, 'Levelek'),
(1565, 'Magy'),
(1566, 'Besenyőd'),
(1567, 'Ófehértó'),
(1568, 'Baktalórántháza'),
(1569, 'Vaja'),
(1570, 'Rohod'),
(1571, 'Nyírmada'),
(1572, 'Pusztadobos'),
(1573, 'Ilk'),
(1574, 'Gemzse'),
(1575, 'Kisvárda'),
(1576, 'Kisvárda'),
(1577, 'Kisvárda'),
(1578, 'Jéke'),
(1579, 'Fényeslitke'),
(1580, 'Komoró'),
(1581, 'Tuzsér'),
(1582, 'Tiszabezdéd'),
(1583, 'Győröcske'),
(1584, 'Záhony'),
(1585, 'Zsurk'),
(1586, 'Tiszaszentmárton'),
(1587, 'Pap'),
(1588, 'Nyírlövő'),
(1589, 'Lövőpetri'),
(1590, 'Aranyosapáti'),
(1591, 'Újkenéz'),
(1592, 'Mezőladány'),
(1593, 'Tornyospálca'),
(1594, 'Benk'),
(1595, 'Mándok'),
(1596, 'Tiszamogyorós'),
(1597, 'Eperjeske'),
(1598, 'Mátészalka'),
(1599, 'Mátészalka'),
(1600, 'Mátészalka'),
(1601, 'Szamoskér'),
(1602, 'Nyírmeggyes'),
(1603, 'Tunyogmatolcs'),
(1604, 'Cégénydányád'),
(1605, 'Gyügye'),
(1606, 'Szamosújlak'),
(1607, 'Hermánszeg'),
(1608, 'Szamossályi'),
(1609, 'Darnó'),
(1610, 'Kisnamény'),
(1611, 'Jánkmajtis'),
(1612, 'Csegöld'),
(1613, 'Csengersima'),
(1614, 'Szamosbecs'),
(1615, 'Szamostatárfalva'),
(1616, 'Kocsord'),
(1617, 'Győrtelek'),
(1618, 'Géberjén'),
(1619, 'Fülpösdaróc'),
(1620, 'Ököritófülpös'),
(1621, 'Rápolt'),
(1622, 'Porcsalma'),
(1623, 'Tyukod'),
(1624, 'Ura'),
(1625, 'Csengerújfalu'),
(1626, 'Komlódtótfalu'),
(1627, 'Csenger'),
(1628, 'Pátyod'),
(1629, 'Szamosangyalos'),
(1630, 'Vásárosnamény'),
(1631, 'Vásárosnamény'),
(1632, 'Vásárosnamény'),
(1633, 'Vásárosnamény'),
(1634, 'Kisvarsány'),
(1635, 'Nagyvarsány'),
(1636, 'Gyüre'),
(1637, 'Ópályi'),
(1638, 'Nyírparasznya'),
(1639, 'Nagydobos'),
(1640, 'Szamosszeg'),
(1641, 'Olcsva'),
(1642, 'Tiszaszalka'),
(1643, 'Tiszavid'),
(1644, 'Tiszaadony'),
(1645, 'Tiszakerecseny'),
(1646, 'Mátyus'),
(1647, 'Lónya'),
(1648, 'Jánd'),
(1649, 'Gulács'),
(1650, 'Hetefejércse'),
(1651, 'Csaroda'),
(1652, 'Tákos'),
(1653, 'Fehérgyarmat'),
(1654, 'Fehérgyarmat'),
(1655, 'Nábrád'),
(1656, 'Kérsemjén'),
(1657, 'Panyola'),
(1658, 'Olcsvaapáti'),
(1659, 'Tivadar'),
(1660, 'Kisar'),
(1661, 'Nagyar'),
(1662, 'Tarpa'),
(1663, 'Márokpapi'),
(1664, 'Beregsurány'),
(1665, 'Beregdaróc'),
(1666, 'Gelénes'),
(1667, 'Vámosatya'),
(1668, 'Barabás'),
(1669, 'Penyige'),
(1670, 'Mánd'),
(1671, 'Nemesborzova'),
(1672, 'Kömörő'),
(1673, 'Túristvándi'),
(1674, 'Szatmárcseke'),
(1675, 'Tiszakóród'),
(1676, 'Tiszacsécse'),
(1677, 'Milota'),
(1678, 'Tiszabecs'),
(1679, 'Uszka'),
(1680, 'Magosliget'),
(1681, 'Sonkád'),
(1682, 'Botpalád'),
(1683, 'Kispalád'),
(1684, 'Zsarolyán'),
(1685, 'Nagyszekeres'),
(1686, 'Kisszekeres'),
(1687, 'Fülesd'),
(1688, 'Kölcse'),
(1689, 'Vámosoroszi'),
(1690, 'Csaholc'),
(1691, 'Túrricse'),
(1692, 'Tisztaberek'),
(1693, 'Rozsály'),
(1694, 'Gacsály'),
(1695, 'Császló'),
(1696, 'Zajta'),
(1697, 'Méhtelek'),
(1698, 'Garbolc'),
(1699, 'Kishódos'),
(1700, 'Nagyhódos'),
(1701, 'Szolnok'),
(1702, 'Szolnok'),
(1703, 'Szolnok'),
(1704, 'Szolnok'),
(1705, 'Szolnok'),
(1706, 'Szolnok'),
(1707, 'Szolnok'),
(1708, 'Szolnok'),
(1709, 'Szolnok'),
(1710, 'Szolnok'),
(1711, 'Zagyvarékas'),
(1712, 'Újszász'),
(1713, 'Szászberek'),
(1714, 'Jászalsószentgyörgy'),
(1715, 'Jászladány'),
(1716, 'Tiszasüly'),
(1717, 'Kőtelek'),
(1718, 'Hunyadfalva'),
(1719, 'Csataszög'),
(1720, 'Nagykörű'),
(1721, 'Besenyszög'),
(1722, 'Szajol'),
(1723, 'Tiszatenyő'),
(1724, 'Kengyel'),
(1725, 'Rákócziújfalu'),
(1726, 'Rákóczifalva'),
(1727, 'Tószeg'),
(1728, 'Tiszavárkony'),
(1729, 'Vezseny'),
(1730, 'Tiszajenő'),
(1731, 'Tiszajenő'),
(1732, 'Jászberény'),
(1733, 'Jászberény'),
(1734, 'Jászberény'),
(1735, 'Jászfelsőszentgyörgy'),
(1736, 'Jászjákóhalma'),
(1737, 'Jászdózsa'),
(1738, 'Jászárokszállás'),
(1739, 'Jászágó'),
(1740, 'Pusztamonostor'),
(1741, 'Jászfényszaru'),
(1742, 'Jászapáti'),
(1743, 'Jászapáti'),
(1744, 'Jászivány'),
(1745, 'Jászszentandrás'),
(1746, 'Jászkisér'),
(1747, 'Jásztelek'),
(1748, 'Alattyán'),
(1749, 'Jánoshida'),
(1750, 'Jászboldogháza'),
(1751, 'Jászboldogháza'),
(1752, 'Törökszentmiklós'),
(1753, 'Törökszentmiklós'),
(1754, 'Tiszapüspöki'),
(1755, 'Tiszapüspöki'),
(1756, 'Tiszapüspöki'),
(1757, 'Örményes'),
(1758, 'Fegyvernek'),
(1759, 'Tiszabő'),
(1760, 'Tiszagyenda'),
(1761, 'Tiszaroff'),
(1762, 'Tiszabura'),
(1763, 'Abádszalók'),
(1764, 'Tiszaderzs'),
(1765, 'Tiszaszőlős'),
(1766, 'Karcag'),
(1767, 'Karcag'),
(1768, 'Karcag'),
(1769, 'Berekfürdő'),
(1770, 'Kisújszállás'),
(1771, 'Kisújszállás'),
(1772, 'Kunmadaras'),
(1773, 'Tiszaszentimre'),
(1774, 'Tiszaszentimre'),
(1775, 'Tomajmonostora'),
(1776, 'Kenderes'),
(1777, 'Kunhegyes'),
(1778, 'Kunhegyes'),
(1779, 'Kunhegyes'),
(1780, 'Tiszafüred'),
(1781, 'Tiszafüred'),
(1782, 'Tiszafüred'),
(1783, 'Tiszafüred'),
(1784, 'Tiszaigar'),
(1785, 'Tiszaörs'),
(1786, 'Nagyiván'),
(1787, 'Mezőtúr'),
(1788, 'Mezőtúr'),
(1789, 'Mezőtúr'),
(1790, 'Mezőtúr'),
(1791, 'Kétpó'),
(1792, 'Kuncsorba'),
(1793, 'Túrkeve'),
(1794, 'Túrkeve'),
(1795, 'Tiszaföldvár'),
(1796, 'Tiszaföldvár'),
(1797, 'Tiszaföldvár'),
(1798, 'Martfű'),
(1799, 'Kunszentmárton'),
(1800, 'Kunszentmárton'),
(1801, 'Kunszentmárton'),
(1802, 'Öcsöd'),
(1803, 'Mesterszállás'),
(1804, 'Mezőhék'),
(1805, 'Mezőhék'),
(1806, 'Cibakháza'),
(1807, 'Nagyrév'),
(1808, 'Tiszainoka'),
(1809, 'Cserkeszőlő'),
(1810, 'Tiszakürt'),
(1811, 'Tiszaug'),
(1812, 'Tiszasas'),
(1813, 'Csépa'),
(1814, 'Szelevény'),
(1815, 'Gyomaendrőd'),
(1816, 'Gyomaendrőd'),
(1817, 'Gyomaendrőd'),
(1818, 'Dévaványa'),
(1819, 'Ecsegfalva'),
(1820, 'Körösladány'),
(1821, 'Szeghalom'),
(1822, 'Szeghalom'),
(1823, 'Füzesgyarmat'),
(1824, 'Kertészsziget'),
(1825, 'Bucsa'),
(1826, 'Vésztő'),
(1827, 'Okány'),
(1828, 'Körösújfalu'),
(1829, 'Zsadány'),
(1830, 'Biharugra'),
(1831, 'Körösnagyharsány'),
(1832, 'Szarvas'),
(1833, 'Szarvas'),
(1834, 'Csabacsűd'),
(1835, 'Kardos'),
(1836, 'Kondoros'),
(1837, 'Hunya'),
(1838, 'Örménykút'),
(1839, 'Békésszentandrás'),
(1840, 'Békéscsaba'),
(1841, 'Békéscsaba'),
(1842, 'Békéscsaba'),
(1843, 'Békéscsaba'),
(1844, 'Békéscsaba'),
(1845, 'Békéscsaba'),
(1846, 'Csabaszabadi'),
(1847, 'Csárdaszállás'),
(1848, 'Köröstarcsa'),
(1849, 'Köröstarcsa'),
(1850, 'Doboz'),
(1851, 'Békés'),
(1852, 'Békés'),
(1853, 'Tarhos'),
(1854, 'Bélmegyer'),
(1855, 'Mezőberény'),
(1856, 'Újkígyós'),
(1857, 'Csanádapáca'),
(1858, 'Medgyesbodzás'),
(1859, 'Medgyesbodzás'),
(1860, 'Pusztaottlaka'),
(1861, 'Medgyesegyháza'),
(1862, 'Magyarbánhegyes'),
(1863, 'Nagybánhegyes'),
(1864, 'Nagybánhegyes'),
(1865, 'Murony'),
(1866, 'Kamut'),
(1867, 'Kétsoprony'),
(1868, 'Telekgerendás'),
(1869, 'Gyula'),
(1870, 'Gyula'),
(1871, 'Gyula'),
(1872, 'Gyula'),
(1873, 'Gyula'),
(1874, 'Szabadkígyós'),
(1875, 'Sarkad'),
(1876, 'Sarkad'),
(1877, 'Sarkad'),
(1878, 'Kötegyán'),
(1879, 'Méhkerék'),
(1880, 'Újszalonta'),
(1881, 'Sarkadkeresztúr'),
(1882, 'Mezőgyán'),
(1883, 'Geszt'),
(1884, 'Kétegyháza'),
(1885, 'Elek'),
(1886, 'Lőkösháza'),
(1887, 'Kevermes'),
(1888, 'Dombiratos'),
(1889, 'Kunágota'),
(1890, 'Almáskamarás'),
(1891, 'Nagykamarás'),
(1892, 'Nagykamarás'),
(1893, 'Mezőkovácsháza'),
(1894, 'Mezőkovácsháza'),
(1895, 'Mezőkovácsháza'),
(1896, 'Végegyháza'),
(1897, 'Mezőhegyes'),
(1898, 'Battonya'),
(1899, 'Dombegyház'),
(1900, 'Kisdombegyház'),
(1901, 'Magyardombegyház'),
(1902, 'Orosháza'),
(1903, 'Orosháza'),
(1904, 'Orosháza'),
(1905, 'Orosháza'),
(1906, 'Orosháza'),
(1907, 'Orosháza'),
(1908, 'Pusztaföldvár'),
(1909, 'Csorvás'),
(1910, 'Gerendás'),
(1911, 'Nagyszénás'),
(1912, 'Gádoros'),
(1913, 'Tótkomlós'),
(1914, 'Kardoskút'),
(1915, 'Békéssámson'),
(1916, 'Kaszaper'),
(1917, 'Kecskemét'),
(1918, 'Kecskemét'),
(1919, 'Kecskemét'),
(1920, 'Kecskemét'),
(1921, 'Kecskemét'),
(1922, 'Kecskemét'),
(1923, 'Kecskemét'),
(1924, 'Kecskemét'),
(1925, 'Kecskemét'),
(1926, 'Kecskemét'),
(1927, 'Szentkirály'),
(1928, 'Nyárlőrinc'),
(1929, 'Városföld'),
(1930, 'Helvécia'),
(1931, 'Ballószög'),
(1932, 'Kerekegyháza'),
(1933, 'Fülöpháza'),
(1934, 'Kunbaracs'),
(1935, 'Kunbaracs'),
(1936, 'Ladánybene'),
(1937, 'Lajosmizse'),
(1938, 'Felsőlajos'),
(1939, 'Tiszakécske'),
(1940, 'Tiszakécske'),
(1941, 'Tiszakécske'),
(1942, 'Tiszakécske'),
(1943, 'Tiszaug'),
(1944, 'Lakitelek'),
(1945, 'Tiszaalpár'),
(1946, 'Tiszaalpár'),
(1947, 'Izsák'),
(1948, 'Páhi'),
(1949, 'Ágasegyháza'),
(1950, 'Orgovány'),
(1951, 'Jakabszállás'),
(1952, 'Szabadszállás'),
(1953, 'Fülöpszállás'),
(1954, 'Szalkszentmárton'),
(1955, 'Dunavecse'),
(1956, 'Apostag'),
(1957, 'Kunszentmiklós'),
(1958, 'Kunszentmiklós'),
(1959, 'Kunpeszér'),
(1960, 'Kunadacs'),
(1961, 'Tass'),
(1962, 'Kiskunfélegyháza'),
(1963, 'Kiskunfélegyháza'),
(1964, 'Kiskunfélegyháza'),
(1965, 'Gátér'),
(1966, 'Pálmonostora'),
(1967, 'Petőfiszállás'),
(1968, 'Bugac'),
(1969, 'Bugacpusztaháza'),
(1970, 'Kunszállás'),
(1971, 'Fülöpjakab'),
(1972, 'Kiskunmajsa'),
(1973, 'Szank'),
(1974, 'Móricgát'),
(1975, 'Jászszentlászló'),
(1976, 'Kömpöc'),
(1977, 'Csólyospálos'),
(1978, 'Harkakötöny'),
(1979, 'Kiskőrös'),
(1980, 'Kiskőrös'),
(1981, 'Kaskantyú'),
(1982, 'Akasztó'),
(1983, 'Csengőd'),
(1984, 'Soltszentimre'),
(1985, 'Tabdi'),
(1986, 'Soltvadkert'),
(1987, 'Bócsa'),
(1988, 'Tázlár'),
(1989, 'Kecel'),
(1990, 'Imrehegy'),
(1991, 'Császártöltés'),
(1992, 'Kalocsa'),
(1993, 'Kalocsa'),
(1994, 'Öregcsertő'),
(1995, 'Solt'),
(1996, 'Újsolt'),
(1997, 'Dunaegyháza'),
(1998, 'Dunatetétlen'),
(1999, 'Harta'),
(2000, 'Harta'),
(2001, 'Dunapataj'),
(2002, 'Foktő'),
(2003, 'Uszód'),
(2004, 'Dunaszentbenedek'),
(2005, 'Géderlak'),
(2006, 'Ordas'),
(2007, 'Szakmár'),
(2008, 'Újtelek'),
(2009, 'Homokmégy'),
(2010, 'Drágszél'),
(2011, 'Miske'),
(2012, 'Hajós'),
(2013, 'Nemesnádudvar'),
(2014, 'Sükösd'),
(2015, 'Érsekcsanád'),
(2016, 'Érsekhalma'),
(2017, 'Bátya'),
(2018, 'Fajsz'),
(2019, 'Dusnok'),
(2020, 'Kiskunhalas'),
(2021, 'Kiskunhalas'),
(2022, 'Kiskunhalas'),
(2023, 'Zsana'),
(2024, 'Balotaszállás'),
(2025, 'Kunfehértó'),
(2026, 'Pirtó'),
(2027, 'Kisszállás'),
(2028, 'Tompa'),
(2029, 'Kelebia'),
(2030, 'Csikéria'),
(2031, 'Bácsszőlős'),
(2032, 'Bácsalmás'),
(2033, 'Kunbaja'),
(2034, 'Jánoshalma'),
(2035, 'Kéleshalom'),
(2036, 'Borota'),
(2037, 'Rém'),
(2038, 'Felsőszentiván'),
(2039, 'Csávoly'),
(2040, 'Mélykút'),
(2041, 'Tataháza'),
(2042, 'Mátételke'),
(2043, 'Bácsbokod'),
(2044, 'Bácsborsód'),
(2045, 'Katymár'),
(2046, 'Madaras'),
(2047, 'Baja'),
(2048, 'Baja'),
(2049, 'Baja'),
(2050, 'Baja'),
(2051, 'Bácsszentgyörgy'),
(2052, 'Szeremle'),
(2053, 'Dunafalva'),
(2054, 'Vaskút'),
(2055, 'Gara'),
(2056, 'Csátalja'),
(2057, 'Dávod'),
(2058, 'Hercegszántó'),
(2059, 'Nagybaracska'),
(2060, 'Bátmonostor'),
(2061, 'Szentes'),
(2062, 'Szentes'),
(2063, 'Szentes'),
(2064, 'Szentes'),
(2065, 'Nagytőke'),
(2066, 'Derekegyház'),
(2067, 'Nagymágocs'),
(2068, 'Árpádhalom'),
(2069, 'Eperjes'),
(2070, 'Fábiánsebestyén'),
(2071, 'Mindszent'),
(2072, 'Szegvár'),
(2073, 'Mártély'),
(2074, 'Csongrád'),
(2075, 'Csongrád'),
(2076, 'Csongrád'),
(2077, 'Felgyő'),
(2078, 'Tömörkény'),
(2079, 'Csanytelek'),
(2080, 'Csanytelek'),
(2081, 'Szeged'),
(2082, 'Szeged'),
(2083, 'Szeged'),
(2084, 'Szeged'),
(2085, 'Szeged'),
(2086, 'Szeged'),
(2087, 'Szeged'),
(2088, 'Szeged'),
(2089, 'Szeged'),
(2090, 'Szeged'),
(2091, 'Szeged'),
(2092, 'Szeged'),
(2093, 'Szeged'),
(2094, 'Szeged'),
(2095, 'Szeged'),
(2096, 'Szeged'),
(2097, 'Szeged'),
(2098, 'Szeged'),
(2099, 'Szeged'),
(2100, 'Szeged'),
(2101, 'Szeged'),
(2102, 'Szeged'),
(2103, 'Szeged'),
(2104, 'Szeged'),
(2105, 'Szeged'),
(2106, 'Szeged'),
(2107, 'Szeged'),
(2108, 'Szeged'),
(2109, 'Szeged'),
(2110, 'Szeged'),
(2111, 'Szeged'),
(2112, 'Szeged'),
(2113, 'Szeged'),
(2114, 'Szeged'),
(2115, 'Szeged'),
(2116, 'Algyő'),
(2117, 'Szeged'),
(2118, 'Algyő'),
(2119, 'Szeged'),
(2120, 'Újszentiván'),
(2121, 'Kübekháza'),
(2122, 'Tiszasziget'),
(2123, 'Tiszasziget'),
(2124, 'Szeged'),
(2125, 'Röszke'),
(2126, 'Kistelek'),
(2127, 'Sándorfalva'),
(2128, 'Szatymaz'),
(2129, 'Balástya'),
(2130, 'Csengele'),
(2131, 'Dóc'),
(2132, 'Ópusztaszer'),
(2133, 'Baks'),
(2134, 'Pusztaszer'),
(2135, 'Pusztaszer'),
(2136, 'Szeged'),
(2137, 'Deszk'),
(2138, 'Klárafalva'),
(2139, 'Ferencszállás'),
(2140, 'Kiszombor'),
(2141, 'Domaszék'),
(2142, 'Mórahalom'),
(2143, 'Ásotthalom'),
(2144, 'Öttömös'),
(2145, 'Pusztamérges'),
(2146, 'Ruzsa'),
(2147, 'Zákányszék'),
(2148, 'Szeged'),
(2149, 'Zákányszék'),
(2150, 'Zsombó'),
(2151, 'Forráskút'),
(2152, 'Üllés'),
(2153, 'Bordány'),
(2154, 'Hódmezővásárhely'),
(2155, 'Hódmezővásárhely'),
(2156, 'Hódmezővásárhely'),
(2157, 'Hódmezővásárhely'),
(2158, 'Hódmezővásárhely'),
(2159, 'Hódmezővásárhely'),
(2160, 'Hódmezővásárhely'),
(2161, 'Hódmezővásárhely'),
(2162, 'Székkutas'),
(2163, 'Makó'),
(2164, 'Makó'),
(2165, 'Makó'),
(2166, 'Makó'),
(2167, 'Királyhegyes'),
(2168, 'Kövegy'),
(2169, 'Csanádpalota'),
(2170, 'Pitvaros'),
(2171, 'Csanádalberti'),
(2172, 'Ambrózfalva'),
(2173, 'Nagyér'),
(2174, 'Maroslele'),
(2175, 'Földeák'),
(2176, 'Óföldeák'),
(2177, 'Apátfalva'),
(2178, 'Magyarcsanád'),
(2179, 'Nagylak'),
(2180, 'Sárbogárd'),
(2181, 'Sárbogárd'),
(2182, 'Sárbogárd'),
(2183, 'Sárbogárd'),
(2184, 'Alap'),
(2185, 'Alsószentiván'),
(2186, 'Cece'),
(2187, 'Sáregres'),
(2188, 'Igar'),
(2189, 'Igar'),
(2190, 'Mezőszilas'),
(2191, 'Mezőszilas'),
(2192, 'Mezőszilas'),
(2193, 'Dunaföldvár'),
(2194, 'Dunaföldvár'),
(2195, 'Bölcske'),
(2196, 'Madocsa'),
(2197, 'Madocsa'),
(2198, 'Paks'),
(2199, 'Paks'),
(2200, 'Paks'),
(2201, 'Pusztahencse'),
(2202, 'Németkér'),
(2203, 'Vajta'),
(2204, 'Pálfa'),
(2205, 'Bikács'),
(2206, 'Nagydorog'),
(2207, 'Györköny'),
(2208, 'Sárszentlőrinc'),
(2209, 'Kajdacs'),
(2210, 'Kölesd'),
(2211, 'Tengelic'),
(2212, 'Szedres'),
(2213, 'Medina'),
(2214, 'Belecska'),
(2215, 'Keszőhidegkút'),
(2216, 'Szárazd'),
(2217, 'Gyönk'),
(2218, 'Miszla'),
(2219, 'Udvari'),
(2220, 'Varsád'),
(2221, 'Kistormás'),
(2222, 'Szakadát'),
(2223, 'Diósberény'),
(2224, 'Simontornya'),
(2225, 'Kisszékely'),
(2226, 'Tolnanémedi'),
(2227, 'Pincehely'),
(2228, 'Nagyszékely'),
(2229, 'Ozora'),
(2230, 'Fürged'),
(2231, 'Tamási'),
(2232, 'Tamási'),
(2233, 'Nagykónyi'),
(2234, 'Értény'),
(2235, 'Koppányszántó'),
(2236, 'Iregszemcse'),
(2237, 'Újireg'),
(2238, 'Nagyszokoly'),
(2239, 'Magyarkeszi'),
(2240, 'Felsőnyék'),
(2241, 'Szekszárd'),
(2242, 'Szekszárd'),
(2243, 'Szekszárd'),
(2244, 'Szekszárd'),
(2245, 'Szálka'),
(2246, 'Kakasd'),
(2247, 'Tolna'),
(2248, 'Tolna'),
(2249, 'Bogyiszló'),
(2250, 'Fadd'),
(2251, 'Gerjen'),
(2252, 'Dunaszentgyörgy'),
(2253, 'Fácánkert'),
(2254, 'Bátaszék'),
(2255, 'Pörböly'),
(2256, 'Őcsény'),
(2257, 'Decs'),
(2258, 'Sárpilis'),
(2259, 'Várdomb'),
(2260, 'Alsónána'),
(2261, 'Alsónyék'),
(2262, 'Báta'),
(2263, 'Bonyhád'),
(2264, 'Bonyhád'),
(2265, 'Bonyhád'),
(2266, 'Bonyhádvarasd'),
(2267, 'Kisdorog'),
(2268, 'Cikó'),
(2269, 'Grábóc'),
(2270, 'Mőcsény'),
(2271, 'Bátaapáti'),
(2272, 'Mórágy'),
(2273, 'Sióagárd'),
(2274, 'Harc'),
(2275, 'Zomba'),
(2276, 'Kéty'),
(2277, 'Felsőnána'),
(2278, 'Murga'),
(2279, 'Tevel'),
(2280, 'Závod'),
(2281, 'Kisvejke'),
(2282, 'Lengyel'),
(2283, 'Szárász'),
(2284, 'Mucsfa'),
(2285, 'Aparhant'),
(2286, 'Nagyvejke'),
(2287, 'Nagyvejke'),
(2288, 'Szárász'),
(2289, 'Hőgyész'),
(2290, 'Szakály'),
(2291, 'Regöly'),
(2292, 'Kalaznó'),
(2293, 'Mucsi'),
(2294, 'Dombóvár'),
(2295, 'Dombóvár'),
(2296, 'Dombóvár'),
(2297, 'Dombóvár'),
(2298, 'Dalmand'),
(2299, 'Kocsola'),
(2300, 'Szakcs'),
(2301, 'Várong'),
(2302, 'Lápafő'),
(2303, 'Nak'),
(2304, 'Dúzs'),
(2305, 'Csibrák'),
(2306, 'Kurd'),
(2307, 'Gyulaj'),
(2308, 'Döbrököz'),
(2309, 'Kapospula'),
(2310, 'Attala'),
(2311, 'Csoma'),
(2312, 'Szabadi'),
(2313, 'Nagyberki'),
(2314, 'Kercseliget'),
(2315, 'Mosdós'),
(2316, 'Kaposkeresztúr'),
(2317, 'Baté'),
(2318, 'Kaposhomok'),
(2319, 'Taszár'),
(2320, 'Fonó'),
(2321, 'Gölle'),
(2322, 'Büssü'),
(2323, 'Kazsok'),
(2324, 'Igal'),
(2325, 'Somogyszil'),
(2326, 'Gadács'),
(2327, 'Kisgyalán'),
(2328, 'Bonnya'),
(2329, 'Kisbárapáti'),
(2330, 'Fiad'),
(2331, 'Somogyacsa'),
(2332, 'Somogydöröcske'),
(2333, 'Kára'),
(2334, 'Szorosad'),
(2335, 'Törökkoppány'),
(2336, 'Miklósi'),
(2337, 'Mecsekpölöske'),
(2338, 'Komló'),
(2339, 'Mecsekpölöske'),
(2340, 'Mecsekpölöske'),
(2341, 'Mecsekpölöske'),
(2342, 'Mánfa'),
(2343, 'Mánfa'),
(2344, 'Mánfa'),
(2345, 'Mánfa'),
(2346, 'Liget'),
(2347, 'Magyaregregy'),
(2348, 'Kárász'),
(2349, 'Vékény'),
(2350, 'Köblény'),
(2351, 'Szalatnak'),
(2352, 'Csikóstőttős'),
(2353, 'Mágocs'),
(2354, 'Nagyhajmás'),
(2355, 'Mekényes'),
(2356, 'Alsómocsolád'),
(2357, 'Bikal'),
(2358, 'Egyházaskozár'),
(2359, 'Tófű'),
(2360, 'Hegyhátmaróc'),
(2361, 'Szászvár'),
(2362, 'Máza'),
(2363, 'Györe'),
(2364, 'Izmény'),
(2365, 'Váralja'),
(2366, 'Nagymányok'),
(2367, 'Kismányok'),
(2368, 'Jágónak'),
(2369, 'Kaposszekcső'),
(2370, 'Gerényes'),
(2371, 'Vásárosdombó'),
(2372, 'Tarrós'),
(2373, 'Jágónak'),
(2374, 'Felsőegerszeg'),
(2375, 'Oroszló'),
(2376, 'Palé'),
(2377, 'Sásd'),
(2378, 'Varga'),
(2379, 'Vázsnok'),
(2380, 'Meződ'),
(2381, 'Ág'),
(2382, 'Kisvaszar'),
(2383, 'Tékes'),
(2384, 'Baranyaszentgyörgy'),
(2385, 'Tormás'),
(2386, 'Szágy'),
(2387, 'Baranyajenő'),
(2388, 'Gödre'),
(2389, 'Gödre'),
(2390, 'Kisbeszterce'),
(2391, 'Kishajmás'),
(2392, 'Mindszentgodisa'),
(2393, 'Bakóca'),
(2394, 'Magyarhertelend'),
(2395, 'Bodolyabér'),
(2396, 'Magyarszék'),
(2397, 'Kaposvár'),
(2398, 'Orci'),
(2399, 'Zselickislak'),
(2400, 'Zselickislak'),
(2401, 'Zselickislak'),
(2402, 'Zselickislak'),
(2403, 'Zselickislak'),
(2404, 'Zselickislak'),
(2405, 'Zselickislak'),
(2406, 'Zselickislak'),
(2407, 'Zselickislak'),
(2408, 'Zselickislak'),
(2409, 'Juta'),
(2410, 'Csombárd'),
(2411, 'Hetes'),
(2412, 'Mezőcsokonya'),
(2413, 'Somogysárd'),
(2414, 'Újvárfalva'),
(2415, 'Bodrog'),
(2416, 'Magyaregres'),
(2417, 'Várda'),
(2418, 'Alsóbogát'),
(2419, 'Somogyjád'),
(2420, 'Edde'),
(2421, 'Osztopán'),
(2422, 'Somogyaszaló'),
(2423, 'Mernye'),
(2424, 'Somodor'),
(2425, 'Somogygeszti'),
(2426, 'Felsőmocsolád'),
(2427, 'Ecseny'),
(2428, 'Polány'),
(2429, 'Magyaratád'),
(2430, 'Patalom'),
(2431, 'Ráksi'),
(2432, 'Szentgáloskér'),
(2433, 'Zimány'),
(2434, 'Cserénfa'),
(2435, 'Szentbalázs'),
(2436, 'Gálosfa'),
(2437, 'Kaposgyarmat'),
(2438, 'Hajmás'),
(2439, 'Zselicszentpál'),
(2440, 'Simonfa'),
(2441, 'Bőszénfa'),
(2442, 'Kaposszerdahely'),
(2443, 'Patca'),
(2444, 'Szenna'),
(2445, 'Zselickisfalud'),
(2446, 'Szilvásszentmárton'),
(2447, 'Bárdudvarnok'),
(2448, 'Sántos'),
(2449, 'Nagyatád'),
(2450, 'Nagyatád'),
(2451, 'Ötvöskónyi'),
(2452, 'Mike'),
(2453, 'Rinyaszentkirály'),
(2454, 'Tarany'),
(2455, 'Somogyudvarhely'),
(2456, 'Berzence'),
(2457, 'Bolhás'),
(2458, 'Kaposmérő'),
(2459, 'Kaposújlak'),
(2460, 'Kisasszond'),
(2461, 'Kaposfő'),
(2462, 'Kiskorpád'),
(2463, 'Jákó'),
(2464, 'Csököly'),
(2465, 'Rinyakovácsi'),
(2466, 'Gige'),
(2467, 'Kőkút'),
(2468, 'Kadarkút'),
(2469, 'Hencse'),
(2470, 'Visnye'),
(2471, 'Hedrehely'),
(2472, 'Lad'),
(2473, 'Patosfa'),
(2474, 'Homokszentgyörgy'),
(2475, 'Kálmáncsa'),
(2476, 'Szulok'),
(2477, 'Kutas'),
(2478, 'Kisbajom'),
(2479, 'Beleg'),
(2480, 'Szabás'),
(2481, 'Nagykorpád'),
(2482, 'Lábod'),
(2483, 'Rinyabesenyő'),
(2484, 'Görgeteg'),
(2485, 'Csokonyavisonta'),
(2486, 'Rinyaújlak'),
(2487, 'Rinyaújlak'),
(2488, 'Nagybajom'),
(2489, 'Pálmajor'),
(2490, 'Segesd'),
(2491, 'Somogyszob'),
(2492, 'Kaszó'),
(2493, 'Barcs'),
(2494, 'Barcs'),
(2495, 'Komlósd'),
(2496, 'Péterhida'),
(2497, 'Babócsa'),
(2498, 'Rinyaújnép'),
(2499, 'Somogyaracs'),
(2500, 'Háromfa'),
(2501, 'Bakháza'),
(2502, 'Bolhó'),
(2503, 'Heresznye'),
(2504, 'Vízvár'),
(2505, 'Bélavár'),
(2506, 'Pécs'),
(2507, 'Pécs'),
(2508, 'Pécs'),
(2509, 'Pécs'),
(2510, 'Pécs'),
(2511, 'Pécs'),
(2512, 'Pécs'),
(2513, 'Pécs'),
(2514, 'Pécs'),
(2515, 'Pécs'),
(2516, 'Pécs'),
(2517, 'Pécs'),
(2518, 'Pécs'),
(2519, 'Pécs'),
(2520, 'Pécs'),
(2521, 'Pécs'),
(2522, 'Pécs'),
(2523, 'Pécs'),
(2524, 'Pécs'),
(2525, 'Pécs'),
(2526, 'Pécs'),
(2527, 'Pécs'),
(2528, 'Pécs'),
(2529, 'Pécs'),
(2530, 'Pécs'),
(2531, 'Pécs'),
(2532, 'Pécs'),
(2533, 'Pécs'),
(2534, 'Pécs'),
(2535, 'Pécs'),
(2536, 'Pécs'),
(2537, 'Pécs'),
(2538, 'Pécs'),
(2539, 'Pécs'),
(2540, 'Pécs'),
(2541, 'Pécs'),
(2542, 'Pécs'),
(2543, 'Pécs'),
(2544, 'Pécs'),
(2545, 'Pécs'),
(2546, 'Pécs'),
(2547, 'Pécs'),
(2548, 'Pécs'),
(2549, 'Erzsébet'),
(2550, 'Kékesd'),
(2551, 'Kátoly'),
(2552, 'Szellő'),
(2553, 'Máriakéménd'),
(2554, 'Berkesd'),
(2555, 'Szilágy'),
(2556, 'Pereked'),
(2557, 'Pogány'),
(2558, 'Gyód'),
(2559, 'Keszü'),
(2560, 'Kökény'),
(2561, 'Bicsérd'),
(2562, 'Zók'),
(2563, 'Aranyosgadány'),
(2564, 'Boda'),
(2565, 'Kővágószőlős'),
(2566, 'Cserkút'),
(2567, 'Kővágótöttös'),
(2568, 'Bakonya'),
(2569, 'Orfű'),
(2570, 'Abaliget'),
(2571, 'Kovácsszénája'),
(2572, 'Husztót'),
(2573, 'Okorvölgy'),
(2574, 'Hetvehely'),
(2575, 'Szentkatalin'),
(2576, 'Bükkösd'),
(2577, 'Helesfa'),
(2578, 'Dinnyeberki'),
(2579, 'Cserdi'),
(2580, 'Pécs'),
(2581, 'Dinnyeberki'),
(2582, 'Pécs'),
(2583, 'Dinnyeberki'),
(2584, 'Hosszúhetény'),
(2585, 'Ófalu'),
(2586, 'Mecseknádasd'),
(2587, 'Óbánya'),
(2588, 'Hidas'),
(2589, 'Mohács'),
(2590, 'Mohács'),
(2591, 'Mohács'),
(2592, 'Bár'),
(2593, 'Dunaszekcső'),
(2594, 'Dunaszekcső'),
(2595, 'Dunaszekcső'),
(2596, 'Homorúd'),
(2597, 'Kölked'),
(2598, 'Udvar'),
(2599, 'Apátvarasd'),
(2600, 'Martonfa'),
(2601, 'Lovászhetény'),
(2602, 'Zengővárkony'),
(2603, 'Pécsvárad'),
(2604, 'Erdősmecske'),
(2605, 'Feked'),
(2606, 'Szebény'),
(2607, 'Véménd'),
(2608, 'Palotabozsok'),
(2609, 'Görcsönydoboka'),
(2610, 'Somberek'),
(2611, 'Nagypall'),
(2612, 'Fazekasboda'),
(2613, 'Maráza'),
(2614, 'Geresdlak'),
(2615, 'Szűr'),
(2616, 'Erdősmárok'),
(2617, 'Himesháza'),
(2618, 'Székelyszabar'),
(2619, 'Bogád'),
(2620, 'Nagykozár'),
(2621, 'Romonya'),
(2622, 'Bogád'),
(2623, 'Romonya'),
(2624, 'Ellend'),
(2625, 'Olasz'),
(2626, 'Hásságy'),
(2627, 'Belvárdgyula'),
(2628, 'Birján'),
(2629, 'Szederkény'),
(2630, 'Monyoród'),
(2631, 'Versend'),
(2632, 'Szajk'),
(2633, 'Bóly'),
(2634, 'Töttös'),
(2635, 'Borjád'),
(2636, 'Pócsa'),
(2637, 'Kisbudmér'),
(2638, 'Nagybudmér'),
(2639, 'Babarc'),
(2640, 'Liptód'),
(2641, 'Lánycsók'),
(2642, 'Kisnyárád'),
(2643, 'Lothárd'),
(2644, 'Kozármisleny'),
(2645, 'Magyarsarlós'),
(2646, 'Pécsudvard'),
(2647, 'Áta'),
(2648, 'Szemely'),
(2649, 'Egerág'),
(2650, 'Szőkéd'),
(2651, 'Kisherend'),
(2652, 'Pécsdevecser'),
(2653, 'Újpetre'),
(2654, 'Peterd'),
(2655, 'Kiskassa'),
(2656, 'Kistótfalu'),
(2657, 'Vokány'),
(2658, 'Palkonya'),
(2659, 'Ivánbattyán'),
(2660, 'Villánykövesd'),
(2661, 'Villány'),
(2662, 'Kisjakabfalva'),
(2663, 'Márok'),
(2664, 'Illocska'),
(2665, 'Magyarbóly'),
(2666, 'Kislippó'),
(2667, 'Lapáncsa'),
(2668, 'Ivándárda');
INSERT INTO `telepulesek` (`telepules_id`, `telepules_name`) VALUES
(2669, 'Lippó'),
(2670, 'Sárok'),
(2671, 'Bezedek'),
(2672, 'Majs'),
(2673, 'Nagynyárád'),
(2674, 'Sátorhely'),
(2675, 'Kisharsány'),
(2676, 'Siklós'),
(2677, 'Nagytótfalu'),
(2678, 'Nagytótfalu'),
(2679, 'Nagytótfalu'),
(2680, 'Bisse'),
(2681, 'Szalánta'),
(2682, 'Bosta'),
(2683, 'Szilvás'),
(2684, 'Csarnóta'),
(2685, 'Túrony'),
(2686, 'Garé'),
(2687, 'Szava'),
(2688, 'Babarcszőlős'),
(2689, 'Ócsárd'),
(2690, 'Kisdér'),
(2691, 'Siklósbodony'),
(2692, 'Harkány'),
(2693, 'Rádfalva'),
(2694, 'Diósviszló'),
(2695, 'Márfa'),
(2696, 'Nagyharsány'),
(2697, 'Kistapolca'),
(2698, 'Siklósnagyfalu'),
(2699, 'Egyházasharaszti'),
(2700, 'Old'),
(2701, 'Alsószentmárton'),
(2702, 'Kásád'),
(2703, 'Beremend'),
(2704, 'Pellérd'),
(2705, 'Görcsöny'),
(2706, 'Szőke'),
(2707, 'Regenye'),
(2708, 'Baksa'),
(2709, 'Tengeri'),
(2710, 'Téseny'),
(2711, 'Bogádmindszent'),
(2712, 'Ózdfalu'),
(2713, 'Hegyszentmárton'),
(2714, 'Nagycsány'),
(2715, 'Hirics'),
(2716, 'Piskó'),
(2717, 'Besence'),
(2718, 'Vajszló'),
(2719, 'Lúzsok'),
(2720, 'Páprád'),
(2721, 'Vejti'),
(2722, 'Kemse'),
(2723, 'Zaláta'),
(2724, 'Baranyahídvég'),
(2725, 'Sámod'),
(2726, 'Adorjás'),
(2727, 'Kisszentmárton'),
(2728, 'Kórós'),
(2729, 'Cún'),
(2730, 'Kémes'),
(2731, 'Drávapiski'),
(2732, 'Tésenfa'),
(2733, 'Szaporca'),
(2734, 'Drávacsepely'),
(2735, 'Kovácshida'),
(2736, 'Drávaszerdahely'),
(2737, 'Ipacsfa'),
(2738, 'Drávacsehi'),
(2739, 'Drávapalkonya'),
(2740, 'Drávapalkonya'),
(2741, 'Drávacsehi'),
(2742, 'Drávaszabolcs'),
(2743, 'Gordisa'),
(2744, 'Matty'),
(2745, 'Botykapeterd'),
(2746, 'Szigetvár'),
(2747, 'Csertő'),
(2748, 'Csertő'),
(2749, 'Nyugotszenterzsébet'),
(2750, 'Nagyváty'),
(2751, 'Nagypeterd'),
(2752, 'Szentdénes'),
(2753, 'Katádfa'),
(2754, 'Rózsafa'),
(2755, 'Bánfa'),
(2756, 'Szentegát'),
(2757, 'Dencsháza'),
(2758, 'Tótújfalu'),
(2759, 'Szentborbás'),
(2760, 'Lakócsa'),
(2761, 'Somogyhatvan'),
(2762, 'Basal'),
(2763, 'Somogyapáti'),
(2764, 'Somogyviszló'),
(2765, 'Patapoklosi'),
(2766, 'Basal'),
(2767, 'Somogyviszló'),
(2768, 'Magyarlukafa'),
(2769, 'Somogyhárságy'),
(2770, 'Vásárosbéc'),
(2771, 'Almáskeresztúr'),
(2772, 'Szulimán'),
(2773, 'Mozsgó'),
(2774, 'Almamellék'),
(2775, 'Horváthertelend'),
(2776, 'Csebény'),
(2777, 'Ibafa'),
(2778, 'Szentlászló'),
(2779, 'Boldogasszonyfa'),
(2780, 'Szentlőrinc'),
(2781, 'Csonkamindszent'),
(2782, 'Kacsóta'),
(2783, 'Gerde'),
(2784, 'Pécsbagota'),
(2785, 'Szabadszentkirály'),
(2786, 'Velény'),
(2787, 'Királyegyháza'),
(2788, 'Gilvánfa'),
(2789, 'Magyartelek'),
(2790, 'Gyöngyfa'),
(2791, 'Kisasszonyfa'),
(2792, 'Magyarmecske'),
(2793, 'Okorág'),
(2794, 'Kákics'),
(2795, 'Marócsa'),
(2796, 'Drávaiványi'),
(2797, 'Sellye'),
(2798, 'Drávasztára'),
(2799, 'Sósvertike'),
(2800, 'Sumony'),
(2801, 'Csányoszró'),
(2802, 'Bogdása'),
(2803, 'Markóc'),
(2804, 'Drávafok'),
(2805, 'Drávakeresztúr'),
(2806, 'Felsőszentmárton'),
(2807, 'Hobol'),
(2808, 'Gyöngyösmellék'),
(2809, 'Pettend'),
(2810, 'Bürüs'),
(2811, 'Teklafalu'),
(2812, 'Endrőc'),
(2813, 'Várad'),
(2814, 'Kétújfalu'),
(2815, 'Zádor'),
(2816, 'Szörény'),
(2817, 'Drávagárdony'),
(2818, 'Potony'),
(2819, 'Kastélyosdombó'),
(2820, 'Drávatamási'),
(2821, 'Pettend'),
(2822, 'Kistamási'),
(2823, 'Merenye'),
(2824, 'Tótszentgyörgy'),
(2825, 'Molvány'),
(2826, 'Nemeske'),
(2827, 'Kisdobsza'),
(2828, 'Nagydobsza'),
(2829, 'Istvándi'),
(2830, 'Darány'),
(2831, 'Székesfehérvár'),
(2832, 'Székesfehérvár'),
(2833, 'Székesfehérvár'),
(2834, 'Székesfehérvár'),
(2835, 'Székesfehérvár'),
(2836, 'Székesfehérvár'),
(2837, 'Székesfehérvár'),
(2838, 'Székesfehérvár'),
(2839, 'Székesfehérvár'),
(2840, 'Székesfehérvár'),
(2841, 'Székesfehérvár'),
(2842, 'Székesfehérvár'),
(2843, 'Csór'),
(2844, 'Moha'),
(2845, 'Iszkaszentgyörgy'),
(2846, 'Kincsesbánya'),
(2847, 'Isztimér'),
(2848, 'Bakonykúti'),
(2849, 'Sárkeresztes'),
(2850, 'Fehérvárcsurgó'),
(2851, 'Bodajk'),
(2852, 'Bodajk'),
(2853, 'Balinka'),
(2854, 'Bakonycsernye'),
(2855, 'Mór'),
(2856, 'Mór'),
(2857, 'Mór'),
(2858, 'Nagyveleg'),
(2859, 'Pusztavám'),
(2860, 'Magyaralmás'),
(2861, 'Söréd'),
(2862, 'Csákberény'),
(2863, 'Csókakő'),
(2864, 'Bodmér'),
(2865, 'Zámoly'),
(2866, 'Gánt'),
(2867, 'Csákvár'),
(2868, 'Csákvár'),
(2869, 'Vértesboglár'),
(2870, 'Felcsút'),
(2871, 'Alcsútdoboz'),
(2872, 'Tabajd'),
(2873, 'Vértesacsa'),
(2874, 'Pátka'),
(2875, 'Lovasberény'),
(2876, 'Pákozd'),
(2877, 'Sukoró'),
(2878, 'Nadap'),
(2879, 'Várpalota'),
(2880, 'Várpalota'),
(2881, 'Várpalota'),
(2882, 'Várpalota'),
(2883, 'Várpalota'),
(2884, 'Pétfürdő'),
(2885, 'Tés'),
(2886, 'Seregélyes'),
(2887, 'Zichyújfalu'),
(2888, 'Tác'),
(2889, 'Csősz'),
(2890, 'Soponya'),
(2891, 'Káloz'),
(2892, 'Sárkeresztúr'),
(2893, 'Sárszentágota'),
(2894, 'Aba'),
(2895, 'Enying'),
(2896, 'Enying'),
(2897, 'Lepsény'),
(2898, 'Mezőszentgyörgy'),
(2899, 'Mátyásdomb'),
(2900, 'Dég'),
(2901, 'Lajoskomárom'),
(2902, 'Mezőkomárom'),
(2903, 'Szabadhídvég'),
(2904, 'Úrhida'),
(2905, 'Sárszentmihály'),
(2906, 'Sárkeszi'),
(2907, 'Nádasdladány'),
(2908, 'Jenő'),
(2909, 'Szabadbattyán'),
(2910, 'Kőszárhegy'),
(2911, 'Kőszárhegy'),
(2912, 'Polgárdi'),
(2913, 'Kisláng'),
(2914, 'Füle'),
(2915, 'Ősi'),
(2916, 'Küngös'),
(2917, 'Csajág'),
(2918, 'Balatonfőkajár'),
(2919, 'Balatonvilágos'),
(2920, 'Balatonvilágos'),
(2921, 'Balatonvilágos'),
(2922, 'Balatonkenese'),
(2923, 'Balatonfűzfő'),
(2924, 'Berhida'),
(2925, 'Berhida'),
(2926, 'Papkeszi'),
(2927, 'Papkeszi'),
(2928, 'Öskü'),
(2929, 'Hajmáskér'),
(2930, 'Sóly'),
(2931, 'Vilonya'),
(2932, 'Királyszentistván'),
(2933, 'Litér'),
(2934, 'Veszprém'),
(2935, 'Veszprém'),
(2936, 'Veszprém'),
(2937, 'Veszprém'),
(2938, 'Veszprém'),
(2939, 'Veszprém'),
(2940, 'Veszprém'),
(2941, 'Balatonalmádi'),
(2942, 'Balatonalmádi'),
(2943, 'Balatonalmádi'),
(2944, 'Szentkirályszabadja'),
(2945, 'Alsóörs'),
(2946, 'Felsőörs'),
(2947, 'Lovas'),
(2948, 'Csopak'),
(2949, 'Paloznak'),
(2950, 'Balatonfüred'),
(2951, 'Balatonszőlős'),
(2952, 'Balatonszőlős'),
(2953, 'Balatonszőlős'),
(2954, 'Balatonszőlős'),
(2955, 'Balatonszőlős'),
(2956, 'Tihany'),
(2957, 'Aszófő'),
(2958, 'Örvényes'),
(2959, 'Balatonudvari'),
(2960, 'Balatonakali'),
(2961, 'Dörgicse'),
(2962, 'Pécsely'),
(2963, 'Vászoly'),
(2964, 'Tótvázsony'),
(2965, 'Hidegkút'),
(2966, 'Veszprémfajsz'),
(2967, 'Nemesvámos'),
(2968, 'Zánka'),
(2969, 'Balatonszepezd'),
(2970, 'Révfülöp'),
(2971, 'Kővágóörs'),
(2972, 'Kékkút'),
(2973, 'Balatonrendes'),
(2974, 'Salföld'),
(2975, 'Ábrahámhegy'),
(2976, 'Salföld'),
(2977, 'Badacsonytomaj'),
(2978, 'Badacsonytomaj'),
(2979, 'Badacsonytördemic'),
(2980, 'Szigliget'),
(2981, 'Hegymagas'),
(2982, 'Mencshely'),
(2983, 'Balatoncsicsó'),
(2984, 'Szentjakabfa'),
(2985, 'Szentantalfa'),
(2986, 'Óbudavár'),
(2987, 'Tagyon'),
(2988, 'Monoszló'),
(2989, 'Köveskál'),
(2990, 'Balatonhenye'),
(2991, 'Szentbékkálla'),
(2992, 'Mindszentkálla'),
(2993, 'Káptalantóti'),
(2994, 'Kisapáti'),
(2995, 'Nemesgulács'),
(2996, 'Gyulakeszi'),
(2997, 'Vöröstó'),
(2998, 'Barnag'),
(2999, 'Nagyvázsony'),
(3000, 'Pula'),
(3001, 'Öcs'),
(3002, 'Kapolcs'),
(3003, 'Vigántpetend'),
(3004, 'Taliándörögd'),
(3005, 'Hegyesd'),
(3006, 'Monostorapáti'),
(3007, 'Hegyesd'),
(3008, 'Raposka'),
(3009, 'Tapolca'),
(3010, 'Raposka'),
(3011, 'Raposka'),
(3012, 'Raposka'),
(3013, 'Zalahaláp'),
(3014, 'Sáska'),
(3015, 'Nemesvita'),
(3016, 'Balatonederics'),
(3017, 'Balatongyörök'),
(3018, 'Vonyarcvashegy'),
(3019, 'Gyenesdiás'),
(3020, 'Vállus'),
(3021, 'Várvölgy'),
(3022, 'Lesencefalu'),
(3023, 'Lesencetomaj'),
(3024, 'Lesenceistvánd'),
(3025, 'Uzsa'),
(3026, 'Sümeg'),
(3027, 'Sümeg'),
(3028, 'Szalapa'),
(3029, 'Kisvásárhely'),
(3030, 'Mihályfa'),
(3031, 'Óhíd'),
(3032, 'Hetyefő'),
(3033, 'Zalaerdőd'),
(3034, 'Dabronc'),
(3035, 'Gógánfa'),
(3036, 'Ukk'),
(3037, 'Megyer'),
(3038, 'Zalameggyes'),
(3039, 'Rigács'),
(3040, 'Zalagyömörő'),
(3041, 'Sümegprága'),
(3042, 'Bazsi'),
(3043, 'Vindornyalak'),
(3044, 'Zalaszántó'),
(3045, 'Karmacs'),
(3046, 'Zalaköveskút'),
(3047, 'Vindornyafok'),
(3048, 'Vindornyaszőlős'),
(3049, 'Nagygörbő'),
(3050, 'Kisgörbő'),
(3051, 'Döbröce'),
(3052, 'Sümegcsehi'),
(3053, 'Keszthely'),
(3054, 'Keszthely'),
(3055, 'Keszthely'),
(3056, 'Keszthely'),
(3057, 'Keszthely'),
(3058, 'Nemesbük'),
(3059, 'Cserszegtomaj'),
(3060, 'Rezi'),
(3061, 'Felsőpáhok'),
(3062, 'Hévíz'),
(3063, 'Felsőpáhok'),
(3064, 'Sármellék'),
(3065, 'Zalavár'),
(3066, 'Szentgyörgyvár'),
(3067, 'Alsópáhok'),
(3068, 'Ajka'),
(3069, 'Ajka'),
(3070, 'Ajka'),
(3071, 'Ajka'),
(3072, 'Ajka'),
(3073, 'Úrkút'),
(3074, 'Úrkút'),
(3075, 'Úrkút'),
(3076, 'Eplény'),
(3077, 'Olaszfalu'),
(3078, 'Nagyesztergár'),
(3079, 'Dudar'),
(3080, 'Csetény'),
(3081, 'Bakonyoszlop'),
(3082, 'Csesznek'),
(3083, 'Zirc'),
(3084, 'Bakonynána'),
(3085, 'Szápár'),
(3086, 'Jásd'),
(3087, 'Lókút'),
(3088, 'Pénzesgyőr'),
(3089, 'Bakonybél'),
(3090, 'Borzavár'),
(3091, 'Porva'),
(3092, 'Bakonyszentkirály'),
(3093, 'Bakonyszentlászló'),
(3094, 'Fenyőfő'),
(3095, 'Bakonygyirót'),
(3096, 'Románd'),
(3097, 'Gic'),
(3098, 'Bakonypéterd'),
(3099, 'Lázi'),
(3100, 'Veszprémvarsány'),
(3101, 'Sikátor'),
(3102, 'Herend'),
(3103, 'Márkó'),
(3104, 'Hárskút'),
(3105, 'Bánd'),
(3106, 'Szentgál'),
(3107, 'Csehbánya'),
(3108, 'Városlőd'),
(3109, 'Kislőd'),
(3110, 'Kislőd'),
(3111, 'Kislőd'),
(3112, 'Magyarpolány'),
(3113, 'Magyarpolány'),
(3114, 'Halimba'),
(3115, 'Szőc'),
(3116, 'Nyirád'),
(3117, 'Pusztamiske'),
(3118, 'Noszlop'),
(3119, 'Bakonypölöske'),
(3120, 'Oroszi'),
(3121, 'Devecser'),
(3122, 'Devecser'),
(3123, 'Kolontár'),
(3124, 'Kamond'),
(3125, 'Nemeshany'),
(3126, 'Káptalanfa'),
(3127, 'Bodorfa'),
(3128, 'Gyepükaján'),
(3129, 'Csabrendek'),
(3130, 'Hosztót'),
(3131, 'Veszprémgalsa'),
(3132, 'Szentimrefalva'),
(3133, 'Zalaszegvár'),
(3134, 'Apácatorna'),
(3135, 'Tüskevár'),
(3136, 'Kisberzseny'),
(3137, 'Somlójenő'),
(3138, 'Borszörcsök'),
(3139, 'Somlóvásárhely'),
(3140, 'Doba'),
(3141, 'Kisszőlős'),
(3142, 'Somlószőlős'),
(3143, 'Vid'),
(3144, 'Somlóvecse'),
(3145, 'Nagyalásony'),
(3146, 'Dabrony'),
(3147, 'Karakószörcsök'),
(3148, 'Kerta'),
(3149, 'Iszkáz'),
(3150, 'Kiscsősz'),
(3151, 'Csögle'),
(3152, 'Kispirit'),
(3153, 'Nagypirit'),
(3154, 'Adorjánháza'),
(3155, 'Egeralja'),
(3156, 'Pápa'),
(3157, 'Pápa'),
(3158, 'Pápa'),
(3159, 'Pápa'),
(3160, 'Pápa'),
(3161, 'Pápa'),
(3162, 'Pápa'),
(3163, 'Nyárád'),
(3164, 'Mihályháza'),
(3165, 'Mezőlak'),
(3166, 'Békás'),
(3167, 'Kemeneshőgyész'),
(3168, 'Magyargencs'),
(3169, 'Kemenesszentpéter'),
(3170, 'Nagyacsád'),
(3171, 'Nemesgörzsöny'),
(3172, 'Egyházaskesző'),
(3173, 'Várkesző'),
(3174, 'Várkesző'),
(3175, 'Marcaltő'),
(3176, 'Malomsok'),
(3177, 'Csikvánd'),
(3178, 'Takácsi'),
(3179, 'Vaszar'),
(3180, 'Gecse'),
(3181, 'Szerecseny'),
(3182, 'Gyarmat'),
(3183, 'Nagygyimót'),
(3184, 'Vanyola'),
(3185, 'Lovászpatona'),
(3186, 'Nagydém'),
(3187, 'Bakonytamási'),
(3188, 'Pápateszér'),
(3189, 'Bakonyság'),
(3190, 'Bakonyszentiván'),
(3191, 'Csót'),
(3192, 'Adásztevel'),
(3193, 'Nagytevel'),
(3194, 'Homokbödöge'),
(3195, 'Ugod'),
(3196, 'Béb'),
(3197, 'Bakonykoppány'),
(3198, 'Bakonyszücs'),
(3199, 'Németbánya'),
(3200, 'Bakonyjákó'),
(3201, 'Farkasgyepű'),
(3202, 'Farkasgyepű'),
(3203, 'Nóráp'),
(3204, 'Dáka'),
(3205, 'Pápadereske'),
(3206, 'Pápasalamon'),
(3207, 'Kup'),
(3208, 'Pápakovácsi'),
(3209, 'Ganna'),
(3210, 'Döbrönte'),
(3211, 'Döbrönte'),
(3212, 'Siófok'),
(3213, 'Siófok'),
(3214, 'Siófok'),
(3215, 'Siófok'),
(3216, 'Siófok'),
(3217, 'Siófok'),
(3218, 'Nyim'),
(3219, 'Balatonendréd'),
(3220, 'Bálványos'),
(3221, 'Kőröshegy'),
(3222, 'Kereki'),
(3223, 'Pusztaszemes'),
(3224, 'Zamárdi'),
(3225, 'Szántód'),
(3226, 'Balatonföldvár'),
(3227, 'Balatonszárszó'),
(3228, 'Szólád'),
(3229, 'Teleki'),
(3230, 'Kötcse'),
(3231, 'Nagycsepely'),
(3232, 'Balatonboglár'),
(3233, 'Balatonboglár'),
(3234, 'Balatonboglár'),
(3235, 'Ordacsehi'),
(3236, 'Balatonszemes'),
(3237, 'Balatonőszöd'),
(3238, 'Balatonlelle'),
(3239, 'Fonyód'),
(3240, 'Birján'),
(3241, 'Birján'),
(3242, 'Birján'),
(3243, 'Balatonfenyves'),
(3244, 'Balatonmáriafürdő'),
(3245, 'Balatonkeresztúr'),
(3246, 'Balatonkeresztúr'),
(3247, 'Balatonberény'),
(3248, 'Balatonszabadi'),
(3249, 'Siójut'),
(3250, 'Ádánd'),
(3251, 'Ságvár'),
(3252, 'Som'),
(3253, 'Nagyberény'),
(3254, 'Bábonymegyer'),
(3255, 'Tab'),
(3256, 'Zala'),
(3257, 'Torvaj'),
(3258, 'Sérsekszőlős'),
(3259, 'Lulla'),
(3260, 'Bedegkér'),
(3261, 'Somogyegres'),
(3262, 'Kánya'),
(3263, 'Tengőd'),
(3264, 'Miklósi'),
(3265, 'Kapoly'),
(3266, 'Zics'),
(3267, 'Somogymeggyes'),
(3268, 'Nágocs'),
(3269, 'Andocs'),
(3270, 'Karád'),
(3271, 'Visz'),
(3272, 'Látrány'),
(3273, 'Somogytúr'),
(3274, 'Somogybabod'),
(3275, 'Gamás'),
(3276, 'Gamás'),
(3277, 'Gyugy'),
(3278, 'Szőlősgyörök'),
(3279, 'Kisberény'),
(3280, 'Lengyeltóti'),
(3281, 'Hács'),
(3282, 'Buzsák'),
(3283, 'Táska'),
(3284, 'Öreglak'),
(3285, 'Pamuk'),
(3286, 'Somogyvár'),
(3287, 'Somogyvámos'),
(3288, 'Csömend'),
(3289, 'Marcali'),
(3290, 'Csömend'),
(3291, 'Somogyszentpál'),
(3292, 'Nikla'),
(3293, 'Pusztakovácsi'),
(3294, 'Libickozma'),
(3295, 'Somogyfajsz'),
(3296, 'Somogyfajsz'),
(3297, 'Balatonszentgyörgy'),
(3298, 'Vörs'),
(3299, 'Balatonújlak'),
(3300, 'Kéthely'),
(3301, 'Kéthely'),
(3302, 'Kelevíz'),
(3303, 'Gadány'),
(3304, 'Mesztegnyő'),
(3305, 'Hosszúvíz'),
(3306, 'Szenyér'),
(3307, 'Nemeskisfalud'),
(3308, 'Tapsony'),
(3309, 'Böhönye'),
(3310, 'Vése'),
(3311, 'Nemesdéd'),
(3312, 'Varászló'),
(3313, 'Inke'),
(3314, 'Iharosberény'),
(3315, 'Somogycsicsó'),
(3316, 'Iharos'),
(3317, 'Pogányszentpéter'),
(3318, 'Hollád'),
(3319, 'Tikos'),
(3320, 'Főnyed'),
(3321, 'Sávoly'),
(3322, 'Szegerdő'),
(3323, 'Somogysámson'),
(3324, 'Somogyzsitfa'),
(3325, 'Csákány'),
(3326, 'Szőkedencs'),
(3327, 'Somogysimonyi'),
(3328, 'Nemesvid'),
(3329, 'Nagyszakácsi'),
(3330, 'Zalaapáti'),
(3331, 'Bókaháza'),
(3332, 'Esztergályhorváti'),
(3333, 'Zalaszabar'),
(3334, 'Orosztony'),
(3335, 'Kerecseny'),
(3336, 'Nagyrada'),
(3337, 'Garabonc'),
(3338, 'Zalamerenye'),
(3339, 'Zalakaros'),
(3340, 'Zalakomár'),
(3341, 'Zalakomár'),
(3342, 'Balatonmagyaród'),
(3343, 'Galambok'),
(3344, 'Kisrécse'),
(3345, 'Csapi'),
(3346, 'Zalasárszeg'),
(3347, 'Nagyrécse'),
(3348, 'Zalaigrice'),
(3349, 'Pacsa'),
(3350, 'Gétye'),
(3351, 'Szentpéterúr'),
(3352, 'Dióskál'),
(3353, 'Zalaszentmárton'),
(3354, 'Egeraracsa'),
(3355, 'Pötréte'),
(3356, 'Felsőrajk'),
(3357, 'Alsórajk'),
(3358, 'Hahót'),
(3359, 'Zalaszentbalázs'),
(3360, 'Börzönce'),
(3361, 'Pölöskefő'),
(3362, 'Kacorlak'),
(3363, 'Kilimán'),
(3364, 'Gelse'),
(3365, 'Gelsesziget'),
(3366, 'Magyarszerdahely'),
(3367, 'Bocska'),
(3368, 'Magyarszentmiklós'),
(3369, 'Fűzvölgy'),
(3370, 'Homokkomárom'),
(3371, 'Hosszúvölgy'),
(3372, 'Újudvar'),
(3373, 'Ligetfalva'),
(3374, 'Zalacsány'),
(3375, 'Tilaj'),
(3376, 'Kehidakustány'),
(3377, 'Kallósd'),
(3378, 'Kehidakustány'),
(3379, 'Zalaszentlászló'),
(3380, 'Sénye'),
(3381, 'Sénye'),
(3382, 'Zalaszentgrót'),
(3383, 'Zalavég'),
(3384, 'Zalavég'),
(3385, 'Zalavég'),
(3386, 'Türje'),
(3387, 'Batyk'),
(3388, 'Zalabér'),
(3389, 'Dötk'),
(3390, 'Pakod'),
(3391, 'Nagykanizsa'),
(3392, 'Nagykanizsa'),
(3393, 'Nagykanizsa'),
(3394, 'Nagykanizsa'),
(3395, 'Nagykanizsa'),
(3396, 'Nagykanizsa'),
(3397, 'Nagykanizsa'),
(3398, 'Nagybakónak'),
(3399, 'Zalaújlak'),
(3400, 'Sand'),
(3401, 'Miháld'),
(3402, 'Pat'),
(3403, 'Zalaszentjakab'),
(3404, 'Zalaszentjakab'),
(3405, 'Liszó'),
(3406, 'Murakeresztúr'),
(3407, 'Fityeház'),
(3408, 'Csurgónagymarton'),
(3409, 'Csurgó'),
(3410, 'Szenta'),
(3411, 'Gyékényes'),
(3412, 'Zákány'),
(3413, 'Gyékényes'),
(3414, 'Zákányfalu'),
(3415, 'Őrtilos'),
(3416, 'Belezna'),
(3417, 'Nemespátró'),
(3418, 'Surd'),
(3419, 'Nemespátró'),
(3420, 'Somogybükkösd'),
(3421, 'Porrogszentkirály'),
(3422, 'Porrogszentpál'),
(3423, 'Porrog'),
(3424, 'Szepetnek'),
(3425, 'Semjénháza'),
(3426, 'Molnári'),
(3427, 'Tótszerdahely'),
(3428, 'Tótszentmárton'),
(3429, 'Becsehely'),
(3430, 'Petrivente'),
(3431, 'Kistolmács'),
(3432, 'Letenye'),
(3433, 'Zajk'),
(3434, 'Murarátka'),
(3435, 'Szentmargitfalva'),
(3436, 'Muraszemenye'),
(3437, 'Csörnyeföld'),
(3438, 'Kerkaszentkirály'),
(3439, 'Dobri'),
(3440, 'Tormafölde'),
(3441, 'Tornyiszentmiklós'),
(3442, 'Lovászi'),
(3443, 'Kerkateskánd'),
(3444, 'Szécsisziget'),
(3445, 'Sormás'),
(3446, 'Eszteregnye'),
(3447, 'Rigyác'),
(3448, 'Borsfa'),
(3449, 'Valkonya'),
(3450, 'Oltárc'),
(3451, 'Bázakerettye'),
(3452, 'Lasztonya'),
(3453, 'Lispeszentadorján'),
(3454, 'Kiscsehi'),
(3455, 'Maróc'),
(3456, 'Bánokszentgyörgy'),
(3457, 'Várfölde'),
(3458, 'Bucsuta'),
(3459, 'Szentliszló'),
(3460, 'Pusztamagyaród'),
(3461, 'Pusztaszentlászló'),
(3462, 'Söjtör'),
(3463, 'Zalaegerszeg'),
(3464, 'Zalaegerszeg'),
(3465, 'Zalaegerszeg'),
(3466, 'Zalaegerszeg'),
(3467, 'Zalaegerszeg'),
(3468, 'Zalaegerszeg'),
(3469, 'Zalaegerszeg'),
(3470, 'Zalaegerszeg'),
(3471, 'Zalaegerszeg'),
(3472, 'Zalaegerszeg'),
(3473, 'Kiskutas'),
(3474, 'Nagykutas'),
(3475, 'Kispáli'),
(3476, 'Nagypáli'),
(3477, 'Egervár'),
(3478, 'Lakhegy'),
(3479, 'Gősfa'),
(3480, 'Vasboldogasszony'),
(3481, 'Nemesrádó'),
(3482, 'Dobronhegy'),
(3483, 'Pálfiszeg'),
(3484, 'Milejszeg'),
(3485, 'Csonkahegyhát'),
(3486, 'Németfalu'),
(3487, 'Kustánszeg'),
(3488, 'Zalaszentiván'),
(3489, 'Zalaszentlőrinc'),
(3490, 'Alibánfa'),
(3491, 'Pethőhenye'),
(3492, 'Nemesapáti'),
(3493, 'Alsónemesapáti'),
(3494, 'Nemessándorháza'),
(3495, 'Búcsúszentlászló'),
(3496, 'Nemesszentandrás'),
(3497, 'Kisbucsa'),
(3498, 'Nemeshetés'),
(3499, 'Pölöske'),
(3500, 'Vöckönd'),
(3501, 'Kemendollár'),
(3502, 'Gyűrűs'),
(3503, 'Pókaszepetk'),
(3504, 'Zalaistvánd'),
(3505, 'Bezeréd'),
(3506, 'Orbányosfa'),
(3507, 'Almásháza'),
(3508, 'Nagykapornak'),
(3509, 'Misefa'),
(3510, 'Padár'),
(3511, 'Zalaszentmihály'),
(3512, 'Bocfölde'),
(3513, 'Csatár'),
(3514, 'Sárhida'),
(3515, 'Bak'),
(3516, 'Tófej'),
(3517, 'Baktüttös'),
(3518, 'Pusztaederics'),
(3519, 'Szentkozmadombja'),
(3520, 'Zalatárnok'),
(3521, 'Barlahida'),
(3522, 'Nova'),
(3523, 'Mikekarácsonyfa'),
(3524, 'Gutorfölde'),
(3525, 'Csertalakos'),
(3526, 'Szentpéterfölde'),
(3527, 'Ortaháza'),
(3528, 'Kányavár'),
(3529, 'Pördefölde'),
(3530, 'Páka'),
(3531, 'Csömödér'),
(3532, 'Kissziget'),
(3533, 'Hernyék'),
(3534, 'Zebecke'),
(3535, 'Iklódbördőce'),
(3536, 'Lenti'),
(3537, 'Lenti'),
(3538, 'Lenti'),
(3539, 'Bödeháza'),
(3540, 'Zalaszombatfa'),
(3541, 'Gáborjánháza'),
(3542, 'Szijártóháza'),
(3543, 'Zalabaksa'),
(3544, 'Kerkabarabás'),
(3545, 'Felsőszenterzsébet'),
(3546, 'Magyarföld'),
(3547, 'Alsószenterzsébet'),
(3548, 'Ramocsa'),
(3549, 'Csesztreg'),
(3550, 'Kerkafalva'),
(3551, 'Kerkakutas'),
(3552, 'Szentgyörgyvölgy'),
(3553, 'Nemesnép'),
(3554, 'Márokföld'),
(3555, 'Baglad'),
(3556, 'Lendvajakabfa'),
(3557, 'Resznek'),
(3558, 'Belsősárd'),
(3559, 'Lendvadedes'),
(3560, 'Gosztola'),
(3561, 'Rédics'),
(3562, 'Külsősárd'),
(3563, 'Gellénháza'),
(3564, 'Lickóvadamos'),
(3565, 'Babosdöbréte'),
(3566, 'Nagylengyel'),
(3567, 'Ormándlak'),
(3568, 'Iborfia'),
(3569, 'Petrikeresztúr'),
(3570, 'Gombosszeg'),
(3571, 'Becsvölgye'),
(3572, 'Pusztaapáti'),
(3573, 'Szilvágy'),
(3574, 'Pórszombat'),
(3575, 'Kálócfa'),
(3576, 'Kozmadombja'),
(3577, 'Dobronhegy'),
(3578, 'Pálfiszeg'),
(3579, 'Hottó'),
(3580, 'Teskánd'),
(3581, 'Böde'),
(3582, 'Zalaboldogfa'),
(3583, 'Boncodfölde'),
(3584, 'Bagod'),
(3585, 'Hagyárosbörönd'),
(3586, 'Zalaszentgyörgy'),
(3587, 'Kávás'),
(3588, 'Keménfa'),
(3589, 'Salomvár'),
(3590, 'Zalacséb'),
(3591, 'Zalaháshágy'),
(3592, 'Vaspör'),
(3593, 'Ozmánbük'),
(3594, 'Csöde'),
(3595, 'Zalalövő'),
(3596, 'Győr'),
(3597, 'Győr'),
(3598, 'Győr'),
(3599, 'Győr'),
(3600, 'Győr'),
(3601, 'Győr'),
(3602, 'Győr'),
(3603, 'Győr'),
(3604, 'Győr'),
(3605, 'Győr'),
(3606, 'Győr'),
(3607, 'Győr'),
(3608, 'Győr'),
(3609, 'Győr'),
(3610, 'Győr'),
(3611, 'Győr'),
(3612, 'Győr'),
(3613, 'Győr'),
(3614, 'Győr'),
(3615, 'Győr'),
(3616, 'Győr'),
(3617, 'Győr'),
(3618, 'Győr'),
(3619, 'Győr'),
(3620, 'Győr'),
(3621, 'Győr'),
(3622, 'Vámosszabadi'),
(3623, 'Vének'),
(3624, 'Kisbajcs'),
(3625, 'Nagybajcs'),
(3626, 'Gönyű'),
(3627, 'Nagyszentjános'),
(3628, 'Bőny'),
(3629, 'Rétalap'),
(3630, 'Győrújbarát'),
(3631, 'Nyúl'),
(3632, 'Écs'),
(3633, 'Győrság'),
(3634, 'Pázmándfalu'),
(3635, 'Töltéstava'),
(3636, 'Bakonypéterd'),
(3637, 'Lázi'),
(3638, 'Pannonhalma'),
(3639, 'Ravazd'),
(3640, 'Tarjánpuszta'),
(3641, 'Győrasszonyfa'),
(3642, 'Tápszentmiklós'),
(3643, 'Táp'),
(3644, 'Nyalka'),
(3645, 'Mezőörs'),
(3646, 'Mezőörs'),
(3647, 'Pér'),
(3648, 'Tét'),
(3649, 'Tényő'),
(3650, 'Sokorópátka'),
(3651, 'Koroncó'),
(3652, 'Győrszemere'),
(3653, 'Felpéc'),
(3654, 'Kajárpéc'),
(3655, 'Gyömöre'),
(3656, 'Szerecseny'),
(3657, 'Gyarmat'),
(3658, 'Csikvánd'),
(3659, 'Mórichida'),
(3660, 'Árpás'),
(3661, 'Rábaszentmiklós'),
(3662, 'Kisbabot'),
(3663, 'Bodonhely'),
(3664, 'Rábaszentmihály'),
(3665, 'Rábacsécsény'),
(3666, 'Mérges'),
(3667, 'Ikrény'),
(3668, 'Rábapatona'),
(3669, 'Enese'),
(3670, 'Kóny'),
(3671, 'Bágyogszovát'),
(3672, 'Rábapordány'),
(3673, 'Dör'),
(3674, 'Abda'),
(3675, 'Börcs'),
(3676, 'Öttevény'),
(3677, 'Mosonszentmiklós'),
(3678, 'Lébény'),
(3679, 'Győrsövényház'),
(3680, 'Bezi'),
(3681, 'Fehértó'),
(3682, 'Markotabödöge'),
(3683, 'Cakóháza'),
(3684, 'Rábcakapi'),
(3685, 'Tárnokréti'),
(3686, 'Bősárkány'),
(3687, 'Acsalag'),
(3688, 'Maglóca'),
(3689, 'Barbacs'),
(3690, 'Győrújfalu'),
(3691, 'Győrzámoly'),
(3692, 'Győrladamér'),
(3693, 'Dunaszeg'),
(3694, 'Dunaszentpál'),
(3695, 'Mecsér'),
(3696, 'Ásványráró'),
(3697, 'Hédervár'),
(3698, 'Kimle'),
(3699, 'Károlyháza'),
(3700, 'Károlyháza'),
(3701, 'Kunsziget'),
(3702, 'Mosonmagyaróvár'),
(3703, 'Mosonmagyaróvár'),
(3704, 'Mosonmagyaróvár'),
(3705, 'Mosonmagyaróvár'),
(3706, 'Feketeerdő'),
(3707, 'Levél'),
(3708, 'Hegyeshalom'),
(3709, 'Bezenye'),
(3710, 'Rajka'),
(3711, 'Dunakiliti'),
(3712, 'Dunasziget'),
(3713, 'Halászi'),
(3714, 'Máriakálnok'),
(3715, 'Darnózseli'),
(3716, 'Lipót'),
(3717, 'Kisbodak'),
(3718, 'Dunaremete'),
(3719, 'Püski'),
(3720, 'Jánossomorja'),
(3721, 'Jánossomorja'),
(3722, 'Várbalog'),
(3723, 'Újrónafő'),
(3724, 'Mosonszolnok'),
(3725, 'Csorna'),
(3726, 'Csorna'),
(3727, 'Pásztori'),
(3728, 'Szilsárkány'),
(3729, 'Rábacsanak'),
(3730, 'Egyed'),
(3731, 'Sobor'),
(3732, 'Rábaszentandrás'),
(3733, 'Szany'),
(3734, 'Farád'),
(3735, 'Rábatamási'),
(3736, 'Jobaháza'),
(3737, 'Potyond'),
(3738, 'Bogyoszló'),
(3739, 'Sopronnémeti'),
(3740, 'Szil'),
(3741, 'Rábasebes'),
(3742, 'Vág'),
(3743, 'Kapuvár'),
(3744, 'Kapuvár'),
(3745, 'Kapuvár'),
(3746, 'Kapuvár'),
(3747, 'Kisfalud'),
(3748, 'Mihályi'),
(3749, 'Beled'),
(3750, 'Vásárosfalu'),
(3751, 'Edve'),
(3752, 'Rábakecöl'),
(3753, 'Páli'),
(3754, 'Magyarkeresztúr'),
(3755, 'Vadosfa'),
(3756, 'Zsebeháza'),
(3757, 'Babót'),
(3758, 'Veszkény'),
(3759, 'Szárföld'),
(3760, 'Osli'),
(3761, 'Hövej'),
(3762, 'Himod'),
(3763, 'Gyóró'),
(3764, 'Cirák'),
(3765, 'Dénesfa'),
(3766, 'Vitnyéd'),
(3767, 'Csapod'),
(3768, 'Pusztacsalád'),
(3769, 'Iván'),
(3770, 'Répceszemere'),
(3771, 'Csáfordjánosfa'),
(3772, 'Csér'),
(3773, 'Sopron'),
(3774, 'Sopron'),
(3775, 'Sopron'),
(3776, 'Sopron'),
(3777, 'Sopron'),
(3778, 'Sopron'),
(3779, 'Sopron'),
(3780, 'Sopron'),
(3781, 'Sopron'),
(3782, 'Sopron'),
(3783, 'Fertőrákos'),
(3784, 'Harka'),
(3785, 'Ágfalva'),
(3786, 'Fertőd'),
(3787, 'Fertőd'),
(3788, 'Fertőd'),
(3789, 'Sarród'),
(3790, 'Fertőszéplak'),
(3791, 'Hegykő'),
(3792, 'Sarród'),
(3793, 'Agyagosszergény'),
(3794, 'Fertőendréd'),
(3795, 'Petőháza'),
(3796, 'Fertőszentmiklós'),
(3797, 'Röjtökmuzsaj'),
(3798, 'Ebergőc'),
(3799, 'Lövő'),
(3800, 'Völcsej'),
(3801, 'Sopronhorpács'),
(3802, 'Und'),
(3803, 'Nemeskér'),
(3804, 'Újkér'),
(3805, 'Egyházasfalu'),
(3806, 'Szakony'),
(3807, 'Gyalóka'),
(3808, 'Répcevis'),
(3809, 'Zsira'),
(3810, 'Pinnye'),
(3811, 'Nagylózs'),
(3812, 'Sopronkövesd'),
(3813, 'Pereszteg'),
(3814, 'Nagycenk'),
(3815, 'Hidegség'),
(3816, 'Fertőhomok'),
(3817, 'Fertőboz'),
(3818, 'Fertőboz'),
(3819, 'Kópháza'),
(3820, 'Celldömölk'),
(3821, 'Celldömölk'),
(3822, 'Celldömölk'),
(3823, 'Celldömölk'),
(3824, 'Kemenesmihályfa'),
(3825, 'Ostffyasszonyfa'),
(3826, 'Csönge'),
(3827, 'Kenyeri'),
(3828, 'Pápoc'),
(3829, 'Vönöck'),
(3830, 'Kemenessömjén'),
(3831, 'Kemenesszentmárton'),
(3832, 'Kemenesmagasi'),
(3833, 'Szergény'),
(3834, 'Mersevát'),
(3835, 'Külsővat'),
(3836, 'Nemesszalók'),
(3837, 'Vinár'),
(3838, 'Marcalgergelyi'),
(3839, 'Vinár'),
(3840, 'Nemeskocs'),
(3841, 'Boba'),
(3842, 'Kemenespálfa'),
(3843, 'Jánosháza'),
(3844, 'Karakó'),
(3845, 'Nemeskeresztúr'),
(3846, 'Keléd'),
(3847, 'Mesteri'),
(3848, 'Vásárosmiske'),
(3849, 'Köcsk'),
(3850, 'Kemeneskápolna'),
(3851, 'Borgáta'),
(3852, 'Egyházashetye'),
(3853, 'Kissomlyó'),
(3854, 'Duka'),
(3855, 'Nagysimonyi'),
(3856, 'Tokorcs'),
(3857, 'Sárvár'),
(3858, 'Sárvár'),
(3859, 'Sárvár'),
(3860, 'Sárvár'),
(3861, 'Sárvár'),
(3862, 'Csénye'),
(3863, 'Porpác'),
(3864, 'Bögöt'),
(3865, 'Ölbő'),
(3866, 'Szeleste'),
(3867, 'Répceszentgyörgy'),
(3868, 'Chernelházadamonya'),
(3869, 'Bő'),
(3870, 'Gór'),
(3871, 'Hegyfalu'),
(3872, 'Sajtoskál'),
(3873, 'Simaság'),
(3874, 'Iklanberény'),
(3875, 'Lócs'),
(3876, 'Zsédeny'),
(3877, 'Pósfa'),
(3878, 'Rábapaty'),
(3879, 'Jákfa'),
(3880, 'Uraiújfalu'),
(3881, 'Nick'),
(3882, 'Répcelak'),
(3883, 'Csánig'),
(3884, 'Vasegerszeg'),
(3885, 'Tompaládony'),
(3886, 'Mesterháza'),
(3887, 'Nemesládony'),
(3888, 'Nagygeresd'),
(3889, 'Vámoscsalád'),
(3890, 'Sitke'),
(3891, 'Gérce'),
(3892, 'Káld'),
(3893, 'Vashosszúfalu'),
(3894, 'Bögöte'),
(3895, 'Hosszúpereszteg'),
(3896, 'Sótony'),
(3897, 'Nyőgér'),
(3898, 'Bejcgyertyános'),
(3899, 'Egervölgy'),
(3900, 'Szemenye'),
(3901, 'Szombathely'),
(3902, 'Szombathely'),
(3903, 'Szombathely'),
(3904, 'Szombathely'),
(3905, 'Szombathely'),
(3906, 'Szombathely'),
(3907, 'Szombathely'),
(3908, 'Szombathely'),
(3909, 'Szombathely'),
(3910, 'Szombathely'),
(3911, 'Szombathely'),
(3912, 'Szombathely'),
(3913, 'Gencsapáti'),
(3914, 'Perenye'),
(3915, 'Lukácsháza'),
(3916, 'Gyöngyösfalu'),
(3917, 'Kőszegszerdahely'),
(3918, 'Cák'),
(3919, 'Kőszegdoroszló'),
(3920, 'Velem'),
(3921, 'Bozsok'),
(3922, 'Kőszeg'),
(3923, 'Kőszeg'),
(3924, 'Kőszeg'),
(3925, 'Horvátzsidány'),
(3926, 'Kiszsidány'),
(3927, 'Ólmod'),
(3928, 'Peresznye'),
(3929, 'Csepreg'),
(3930, 'Tormásliget'),
(3931, 'Bük'),
(3932, 'Tömörd'),
(3933, 'Pusztacsó'),
(3934, 'Kőszegpaty'),
(3935, 'Nemescsó'),
(3936, 'Pusztacsó'),
(3937, 'Vassurány'),
(3938, 'Salköveskút'),
(3939, 'Söpte'),
(3940, 'Vasasszonyfa'),
(3941, 'Meszlen'),
(3942, 'Acsád'),
(3943, 'Vasszilvágy'),
(3944, 'Vát'),
(3945, 'Nemesbőd'),
(3946, 'Vép'),
(3947, 'Bozzai'),
(3948, 'Kenéz'),
(3949, 'Pecöl'),
(3950, 'Megyehíd'),
(3951, 'Ikervár'),
(3952, 'Meggyeskovácsi'),
(3953, 'Táplánszentkereszt'),
(3954, 'Tanakajd'),
(3955, 'Vasszécseny'),
(3956, 'Csempeszkopács'),
(3957, 'Rábatöttös'),
(3958, 'Zsennye'),
(3959, 'Rum'),
(3960, 'Balogunyom'),
(3961, 'Kisunyom'),
(3962, 'Sorokpolány'),
(3963, 'Gyanógeregye'),
(3964, 'Sorkikápolna'),
(3965, 'Sorkifalud'),
(3966, 'Nemeskolta'),
(3967, 'Püspökmolnári'),
(3968, 'Rábahídvég'),
(3969, 'Egyházashollós'),
(3970, 'Nemesrempehollós'),
(3971, 'Egyházasrádóc'),
(3972, 'Rádóckölked'),
(3973, 'Harasztifalu'),
(3974, 'Nagykölked'),
(3975, 'Sé'),
(3976, 'Dozmat'),
(3977, 'Torony'),
(3978, 'Bucsu'),
(3979, 'Narda'),
(3980, 'Felsőcsatár'),
(3981, 'Vaskeresztes'),
(3982, 'Horvátlövő'),
(3983, 'Pornóapáti'),
(3984, 'Nárai'),
(3985, 'Ják'),
(3986, 'Szentpéterfa'),
(3987, 'Vasvár'),
(3988, 'Vasvár'),
(3989, 'Andrásfa'),
(3990, 'Telekes'),
(3991, 'Gersekarát'),
(3992, 'Sárfimizdó'),
(3993, 'Halastó'),
(3994, 'Hegyhátszentpéter'),
(3995, 'Győrvár'),
(3996, 'Pácsony'),
(3997, 'Olaszfa'),
(3998, 'Oszkó'),
(3999, 'Petőmihályfa'),
(4000, 'Bérbaltavár'),
(4001, 'Nagytilaj'),
(4002, 'Csehi'),
(4003, 'Csehimindszent'),
(4004, 'Mikosszéplak'),
(4005, 'Csipkerek'),
(4006, 'Kám'),
(4007, 'Alsóújlak'),
(4008, 'Körmend'),
(4009, 'Körmend'),
(4010, 'Magyarnádalja'),
(4011, 'Körmend'),
(4012, 'Magyarszecsőd'),
(4013, 'Molnaszecsőd'),
(4014, 'Döröske'),
(4015, 'Szarvaskend'),
(4016, 'Nagymizdó'),
(4017, 'Döbörhegy'),
(4018, 'Nádasd'),
(4019, 'Katafa'),
(4020, 'Hegyháthodász'),
(4021, 'Hegyhátsál'),
(4022, 'Halogy'),
(4023, 'Daraboshegy'),
(4024, 'Felsőmarác'),
(4025, 'Csákánydoroszló'),
(4026, 'Vasalja'),
(4027, 'Pinkamindszent'),
(4028, 'Kemestaródfa'),
(4029, 'Ivánc'),
(4030, 'Hegyhátszentmárton'),
(4031, 'Viszák'),
(4032, 'Őrimagyarósd'),
(4033, 'Felsőjánosfa'),
(4034, 'Szaknyér'),
(4035, 'Hegyhátszentjakab'),
(4036, 'Szőce'),
(4037, 'Kisrákos'),
(4038, 'Pankasz'),
(4039, 'Szatta'),
(4040, 'Nagyrákos'),
(4041, 'Ispánk'),
(4042, 'Őriszentpéter'),
(4043, 'Szalafő'),
(4044, 'Kondorfa'),
(4045, 'Bajánsenye'),
(4046, 'Kerkáskápolna'),
(4047, 'Kercaszomor'),
(4048, 'Magyarszombatfa'),
(4049, 'Velemér'),
(4050, 'Rátót'),
(4051, 'Gasztony'),
(4052, 'Nemesmedves'),
(4053, 'Vasszentmihály'),
(4054, 'Rönök'),
(4055, 'Rönök'),
(4056, 'Rábagyarmat'),
(4057, 'Csörötnek'),
(4058, 'Magyarlak'),
(4059, 'Szentgotthárd'),
(4060, 'Szentgotthárd'),
(4061, 'Szentgotthárd'),
(4062, 'Apátistvánfalva'),
(4063, 'Kétvölgy'),
(4064, 'Orfalu'),
(4065, 'Alsószölnök'),
(4066, 'Szakonyfalu'),
(4067, 'Felsőszölnök'),
(4068, 'Piliscsaba'),
(4069, 'Pilisszentkereszt'),
(4070, 'Cegléd'),
(4071, 'Tata'),
(4072, 'Komárom'),
(4073, 'Lőrinci'),
(4074, 'Pásztó'),
(4075, 'Bátonyterenye'),
(4076, 'Pásztó'),
(4077, 'Salgótarján'),
(4078, 'Kazár'),
(4079, 'Gyöngyös'),
(4080, 'Gyöngyös'),
(4081, 'Gyöngyös'),
(4082, 'Mátraszentimre'),
(4083, 'Parád'),
(4084, 'Ózd'),
(4085, 'Ózd'),
(4086, 'Ózd'),
(4087, 'Ózd'),
(4088, 'Edelény'),
(4089, 'Gesztely'),
(4090, 'Sátoraljaújhely'),
(4091, 'Sátoraljaújhely'),
(4092, 'Sátoraljaújhely'),
(4093, 'Egyek'),
(4094, 'Hajdúböszörmény'),
(4095, 'Debrecen'),
(4096, 'Debrecen'),
(4097, 'Hajdúböszörmény'),
(4098, 'Szerep'),
(4099, 'Nyíregyháza'),
(4100, 'Nyíradony'),
(4101, 'Nyíradony'),
(4102, 'Tiszaeszlár'),
(4103, 'Tiszalök'),
(4104, 'Nyíregyháza'),
(4105, 'Tiszatelek'),
(4106, 'Nyíregyháza'),
(4107, 'Tiszavárkony'),
(4108, 'Jászberény'),
(4109, 'Törökszentmiklós'),
(4110, 'Fegyvernek'),
(4111, 'Kenderes'),
(4112, 'Tiszaföldvár'),
(4113, 'Békéscsaba'),
(4114, 'Békéscsaba'),
(4115, 'Medgyesegyháza'),
(4116, 'Kecskemét'),
(4117, 'Csongrád'),
(4118, 'Sárbogárd'),
(4119, 'Sárbogárd'),
(4120, 'Paks'),
(4121, 'Bonyhád'),
(4122, 'Kaposvár'),
(4123, 'Barcs'),
(4124, 'Mohács'),
(4125, 'Mohács'),
(4126, 'Balinka'),
(4127, 'Balatonkenese'),
(4128, 'Balatonkenese'),
(4129, 'Balatonfűzfő'),
(4130, 'Balatonfüred'),
(4131, 'Badacsonytomaj'),
(4132, 'Tapolca'),
(4133, 'Veszprém'),
(4134, 'Veszprém'),
(4135, 'Ajka'),
(4136, 'Ajka'),
(4137, 'Ajka'),
(4138, 'Marcaltő'),
(4139, 'Pápa'),
(4140, 'Pápa'),
(4141, 'Balatonboglár'),
(4142, 'Marcali'),
(4143, 'Marcali'),
(4144, 'Zalaszentgrót'),
(4145, 'Zalaszentgrót'),
(4146, 'Zalaszentgrót'),
(4147, 'Zalaszentgrót'),
(4148, 'Nagykanizsa'),
(4149, 'Mosonszentmiklós'),
(4150, 'Sarród'),
(4151, 'Sopron'),
(4152, 'Celldömölk'),
(4153, 'Bük'),
(4154, 'Szentgotthárd');

-- --------------------------------------------------------

--
-- Table structure for table `users`
--

CREATE TABLE `users` (
  `id` int(11) NOT NULL,
  `lastname` varchar(100) NOT NULL,
  `firstname` varchar(100) NOT NULL,
  `nem` varchar(100) NOT NULL,
  `password` varchar(100) NOT NULL,
  `email` varchar(100) NOT NULL,
  `age` int(11) NOT NULL,
  `city` varchar(100) NOT NULL,
  `sport1` varchar(100) NOT NULL,
  `sport2` varchar(100) NOT NULL,
  `sport3` varchar(100) NOT NULL
) ENGINE=InnoDB DEFAULT CHARSET=utf8mb4 COLLATE=utf8mb4_hungarian_ci;

--
-- Dumping data for table `users`
--

INSERT INTO `users` (`id`, `lastname`, `firstname`, `nem`, `password`, `email`, `age`, `city`, `sport1`, `sport2`, `sport3`) VALUES
(1, 'Toth', 'Acosta', 'Férfi', 'valami', 'valami@gmail.com', 21, 'Budapest IV. kerület', 'Labdarúgás', 'Atlétika', 'Kerékpározás'),
(2, 'Sásdi', 'Patrik', 'Férfi', 'valami2', 'patrik@gmail.com', 22, 'Budapest IX. kerület', 'Labdarúgás', '', ''),
(3, 'Veres', 'Ferenc', 'Férfi', 'asd', 'asd@gmail.com', 33, 'Isaszeg', 'Labdarúgás', 'Baseball', 'Golf'),
(4, 'Admin', 'Admin', 'Férfi', 'admin', 'admin@gmail.com', 0, '', '', '', ''),
(5, 'Tóth', 'Nimród', 'Férfi', 'asd123', 'nimrod@gmail.com', 21, 'Gomba', 'Krikett', 'Golf', ''),
(6, 'Kiss', 'Miklós', 'Férfi', 'chips', 'miki00@gmail.com', 18, 'Budapest I. kerület', 'Labdarúgás', '', ''),
(7, 'Kiss', 'Fanni', 'Nő', '122333444455555', 'fannika@gmail.com', 37, 'Budapest IV. kerület', 'Labdarúgás', 'Kerékpározás', ''),
(8, 'Teleki', 'Szabolcs', 'Férfi', 'tomcruise', 'elitsniper18@gmail.com', 22, 'Érd', 'Asztaltenisz', 'Baseball', 'Tenisz'),
(9, 'Balogh', 'Zoltán', 'Férfi', 'zolesz', 'zoltanb@gmail.com', 18, 'Nyíregyháza', 'Atlétika', 'Labdarúgás', 'Röplabda'),
(10, 'Varga', 'Natália ', 'Nő', 'mokambo', 'nati@gmail.com', 27, 'Solymár', 'Kézilabda', '', ''),
(12, 'Lipták', 'Gábor', 'Férfi', 'lippai', 'lipi@gmail.com', 25, 'Dabas', 'Labdarúgás', 'Krikett', ''),
(13, 'Kovács', 'András', 'Férfi', 'koviand', 'andraskov@gmail.com', 42, 'Budapest III. kerület', 'Kosárlabda', '', ''),
(14, 'Szabó', 'Gergely', 'Férfi', 'gera', 'gera@gmail.com', 24, 'Budapest V. kerület', 'Labdarúgás', 'Kosárlabda', ''),
(15, 'Horváth', 'Lilla', 'Nő', 'Viola', 'lilla@gmail.com', 29, 'Szeged', 'Kerékpározás', '', ''),
(16, 'Nagy', 'Tamás', 'Férfi', 'BigTomi', 'tomika@gmail.com', 34, 'Debrecen', 'Tollaslabda', '', ''),
(17, 'Varga', 'Eszter', 'Nő', 'QUERY', 'eszti@gmail.com', 47, 'Zalaegerszeg', 'Röplabda', '', ''),
(18, 'Farkas', 'Ádám', 'Férfi', 'tyga', 'adika@gmail.com', 23, 'Siófok', 'Labdarúgás', 'Röplabda', 'Kerékpározás');

-- --------------------------------------------------------

--
-- Table structure for table `users_in_room`
--

CREATE TABLE `users_in_room` (
  `id` int(11) NOT NULL,
  `user_id` int(11) DEFAULT NULL,
  `room_id` int(11) DEFAULT NULL,
  `joined_at` timestamp NOT NULL DEFAULT current_timestamp(),
  `room_creator_email` varchar(100) DEFAULT NULL
) ENGINE=InnoDB DEFAULT CHARSET=utf8mb4 COLLATE=utf8mb4_hungarian_ci;

--
-- Dumping data for table `users_in_room`
--

INSERT INTO `users_in_room` (`id`, `user_id`, `room_id`, `joined_at`, `room_creator_email`) VALUES
(1, 3, 8, '2024-03-12 11:56:06', 'sasdipatyo@gmail.com'),
(2, 1, 6, '2024-04-18 11:46:38', 'sasdipatyo@gmail.com'),
(4, 8, 2, '2024-04-22 10:16:14', 'valami@gmail.com'),
(20, 5, 3, '2024-04-24 21:39:47', 'valami@gmail.com'),
(32, 1, 13, '2024-04-24 23:05:47', 'toth.nimrod00@gmail.com'),
(36, 2, 1, '2024-04-25 16:58:26', 'valami@gmail.com'),
(37, 6, 15, '2024-04-25 17:02:31', 'patrik@gmail.com'),
(39, 8, 1, '2024-04-25 17:11:58', 'valami@gmail.com'),
(40, 9, 1, '2024-04-25 17:14:11', 'valami@gmail.com'),
(41, 10, 16, '2024-04-25 17:20:21', 'fannika@gmail.com'),
(42, 3, 1, '2024-04-25 17:22:19', 'valami@gmail.com'),
(43, 12, 14, '2024-04-25 17:27:15', 'valami@gmail.com'),
(44, 14, 14, '2024-04-25 17:32:48', 'valami@gmail.com'),
(45, 14, 1, '2024-04-25 17:32:52', 'valami@gmail.com'),
(46, 18, 1, '2024-04-25 17:46:08', 'valami@gmail.com'),
(47, 18, 14, '2024-04-25 17:46:14', 'valami@gmail.com'),
(48, 18, 20, '2024-04-25 17:46:20', 'lilla@gmail.com'),
(49, 5, 1, '2024-04-25 17:47:04', 'valami@gmail.com'),
(50, 5, 18, '2024-04-25 17:47:15', 'andraskov@gmail.com'),
(51, 5, 21, '2024-04-25 17:47:30', 'tomika@gmail.com'),
(52, 3, 18, '2024-04-25 17:48:03', 'andraskov@gmail.com'),
(54, 3, 21, '2024-04-25 17:49:02', 'tomika@gmail.com');

--
-- Indexes for dumped tables
--

--
-- Indexes for table `events`
--
ALTER TABLE `events`
  ADD PRIMARY KEY (`id`);

--
-- Indexes for table `rooms`
--
ALTER TABLE `rooms`
  ADD PRIMARY KEY (`id`);

--
-- Indexes for table `room_messages`
--
ALTER TABLE `room_messages`
  ADD PRIMARY KEY (`message_id`);

--
-- Indexes for table `room_requests`
--
ALTER TABLE `room_requests`
  ADD PRIMARY KEY (`request_id`);

--
-- Indexes for table `telepulesek`
--
ALTER TABLE `telepulesek`
  ADD PRIMARY KEY (`telepules_id`);

--
-- Indexes for table `users`
--
ALTER TABLE `users`
  ADD PRIMARY KEY (`id`);

--
-- Indexes for table `users_in_room`
--
ALTER TABLE `users_in_room`
  ADD PRIMARY KEY (`id`);

--
-- AUTO_INCREMENT for dumped tables
--

--
-- AUTO_INCREMENT for table `events`
--
ALTER TABLE `events`
  MODIFY `id` int(11) NOT NULL AUTO_INCREMENT, AUTO_INCREMENT=16;

--
-- AUTO_INCREMENT for table `rooms`
--
ALTER TABLE `rooms`
  MODIFY `id` int(11) NOT NULL AUTO_INCREMENT, AUTO_INCREMENT=24;

--
-- AUTO_INCREMENT for table `room_messages`
--
ALTER TABLE `room_messages`
  MODIFY `message_id` int(11) NOT NULL AUTO_INCREMENT, AUTO_INCREMENT=104;

--
-- AUTO_INCREMENT for table `room_requests`
--
ALTER TABLE `room_requests`
  MODIFY `request_id` int(11) NOT NULL AUTO_INCREMENT, AUTO_INCREMENT=38;

--
-- AUTO_INCREMENT for table `telepulesek`
--
ALTER TABLE `telepulesek`
  MODIFY `telepules_id` int(11) NOT NULL AUTO_INCREMENT, AUTO_INCREMENT=4155;

--
-- AUTO_INCREMENT for table `users`
--
ALTER TABLE `users`
  MODIFY `id` int(11) NOT NULL AUTO_INCREMENT, AUTO_INCREMENT=19;

--
-- AUTO_INCREMENT for table `users_in_room`
--
ALTER TABLE `users_in_room`
  MODIFY `id` int(11) NOT NULL AUTO_INCREMENT, AUTO_INCREMENT=55;
COMMIT;

/*!40101 SET CHARACTER_SET_CLIENT=@OLD_CHARACTER_SET_CLIENT */;
/*!40101 SET CHARACTER_SET_RESULTS=@OLD_CHARACTER_SET_RESULTS */;
/*!40101 SET COLLATION_CONNECTION=@OLD_COLLATION_CONNECTION */;
